timestamp,cycle,mode,episode_in_mode,total_reward,reward_cum_avg,steps,v_out_mean,out_first_spike_step,out_first_spike_time,out_first_spike_neurons,reward_std
1770050973,1,train,0,2.0,2.0,205,-52.25685501098633,3,3.0,0|1|2|3,
1770051027,1,train,1,5.0,3.5,345,-53.43273162841797,3,3.0,0|1|2|3,
1770051058,1,train,2,2.0,3.0,205,-53.067787170410156,3,3.0,0|1|2|3,
1770051091,1,train,3,2.0,2.75,215,-52.535579681396484,3,3.0,0|1|2|3,
1770051112,1,train,4,0.0,2.2,133,-53.178184509277344,3,3.0,0|1|2|3,
1770051145,1,train,5,2.0,2.1666666666666665,220,-52.77666091918945,3,3.0,0|1|2|3,
1770051165,1,train,6,0.0,1.8571428571428572,129,-51.4570426940918,3,3.0,0|1|2|3,
1770051192,1,train,7,1.0,1.75,173,-52.3386344909668,3,3.0,0|1|2|3,
1770051212,1,train,8,0.0,1.5555555555555556,133,-53.0955924987793,3,3.0,0|1|2|3,
1770051234,1,train,9,0.0,1.4,142,-53.132137298583984,3,3.0,0|1|2|3,
1770051259,1,train,10,1.0,1.3636363636363635,167,-53.229339599609375,3,3.0,0|1|2|3,
1770051292,1,train,11,2.0,1.4166666666666667,215,-53.34011459350586,3,3.0,0|1|2|3,
1770051313,1,train,12,0.0,1.3076923076923077,134,-53.58189010620117,3,3.0,0|1|2|3,
1770051345,1,train,13,2.0,1.3571428571428572,207,-53.30575942993164,3,3.0,0|1|2|3,
1770051365,1,train,14,0.0,1.2666666666666666,135,-53.729156494140625,3,3.0,0|1|2|3,
1770051399,1,train,15,2.0,1.3125,219,-53.6818962097168,3,3.0,0|1|2|3,
1770051427,1,train,16,1.0,1.2941176470588236,182,-53.346004486083984,3,3.0,0|1|2|3,
1770051452,1,train,17,1.0,1.2777777777777777,164,-52.35221862792969,3,3.0,0|1|2|3,
1770051478,1,train,18,1.0,1.263157894736842,171,-53.473663330078125,3,3.0,0|1|2|3,
1770051498,1,train,19,0.0,1.2,134,-53.89594268798828,3,3.0,0|1|2|3,
1770051520,1,train,20,0.0,1.1428571428571428,143,-53.90816879272461,3,3.0,0|1|2|3,
1770051548,1,train,21,1.0,1.1363636363636365,179,-53.979793548583984,3,3.0,0|1|2|3,
1770051569,1,train,22,0.0,1.0869565217391304,139,-53.24768829345703,3,3.0,0|1|2|3,
1770051590,1,train,23,0.0,1.0416666666666667,133,-53.9681396484375,3,3.0,0|1|2|3,
1770051611,1,train,24,0.0,1.0,135,-54.22739791870117,3,3.0,0|1|2|3,
1770051632,1,train,25,0.0,0.9615384615384616,139,-53.51125717163086,3,3.0,0|1|2|3,
1770051664,1,train,26,2.0,1.0,208,-53.38962173461914,3,3.0,0|1|2|3,
1770051685,1,train,27,0.0,0.9642857142857143,140,-53.4300651550293,3,3.0,0|1|2|3,
1770051707,1,train,28,0.0,0.9310344827586207,145,-53.74043273925781,3,3.0,0|1|2|3,
1770051727,1,train,29,0.0,0.9,130,-52.89335632324219,3,3.0,0|1|2|3,
1770051759,1,train,30,2.0,0.9354838709677419,207,-53.737239837646484,3,3.0,0|1|2|3,
1770051780,1,train,31,0.0,0.90625,141,-53.43254470825195,3,3.0,0|1|2|3,
1770051807,1,train,32,1.0,0.9090909090909091,176,-53.540428161621094,3,3.0,0|1|2|3,
1770051827,1,train,33,0.0,0.8823529411764706,129,-53.29606628417969,3,3.0,0|1|2|3,
1770051847,1,train,34,0.0,0.8571428571428571,135,-53.32807540893555,3,3.0,0|1|2|3,
1770051871,1,train,35,0.0,0.8333333333333334,152,-53.44760513305664,3,3.0,0|1|2|3,
1770051906,1,train,36,3.0,0.8918918918918919,229,-54.01687240600586,3,3.0,0|1|2|3,
1770051928,1,train,37,0.0,0.868421052631579,143,-53.76116180419922,3,3.0,0|1|2|3,
1770051960,1,train,38,2.0,0.8974358974358975,209,-53.804176330566406,3,3.0,0|1|2|3,
1770051981,1,train,39,0.0,0.875,139,-52.99032211303711,3,3.0,0|1|2|3,
1770052024,1,train,40,4.0,0.9512195121951219,281,-53.2270622253418,3,3.0,0|1|2|3,
1770052045,1,train,41,0.0,0.9285714285714286,136,-53.22360610961914,3,3.0,0|1|2|3,
1770052085,1,train,42,4.0,1.0,267,-52.89180374145508,3,3.0,0|1|2|3,
1770052106,1,train,43,0.0,0.9772727272727273,133,-51.403419494628906,3,3.0,0|1|2|3,
1770052156,1,train,44,4.0,1.0444444444444445,327,-52.911102294921875,3,3.0,0|1|2|3,
1770052193,1,train,45,3.0,1.0869565217391304,243,-53.43320083618164,3,3.0,0|1|2|3,
1770052224,1,train,46,2.0,1.1063829787234043,200,-52.692779541015625,3,3.0,0|1|2|3,
1770052248,1,train,47,1.0,1.1041666666666667,157,-52.96367645263672,3,3.0,0|1|2|3,
1770052278,1,train,48,2.0,1.1224489795918366,198,-53.47307586669922,3,3.0,0|1|2|3,
1770052312,1,train,49,2.0,1.14,227,-52.1062126159668,3,3.0,0|1|2|3,
1770052333,1,train,50,0.0,1.1176470588235294,131,-50.76620101928711,3,3.0,0|1|2|3,
1770052352,1,train,51,0.0,1.0961538461538463,130,-51.013885498046875,3,3.0,0|1|2|3,
1770052378,1,train,52,0.0,1.0754716981132075,165,-51.17356872558594,3,3.0,0|1|2|3,
1770052398,1,train,53,0.0,1.0555555555555556,134,-51.24750900268555,3,3.0,0|1|2|3,
1770052427,1,train,54,1.0,1.0545454545454545,191,-52.778076171875,3,3.0,0|1|2|3,
1770052455,1,train,55,1.0,1.0535714285714286,181,-54.347591400146484,3,3.0,0|1|2|3,
1770052475,1,train,56,0.0,1.0350877192982457,133,-54.447635650634766,3,3.0,0|1|2|3,
1770052499,1,train,57,1.0,1.0344827586206897,155,-54.0250129699707,3,3.0,0|1|2|3,
1770052537,1,train,58,3.0,1.0677966101694916,249,-53.158935546875,3,3.0,0|1|2|3,
1770052556,1,train,59,0.0,1.05,126,-53.40104293823242,3,3.0,0|1|2|3,
1770052581,1,train,60,1.0,1.0491803278688525,162,-53.302398681640625,3,3.0,0|1|2|3,
1770052602,1,train,61,0.0,1.032258064516129,137,-53.77622985839844,3,3.0,0|1|2|3,
1770052634,1,train,62,2.0,1.0476190476190477,212,-53.144989013671875,3,3.0,0|1|2|3,
1770052668,1,train,63,2.0,1.0625,215,-53.1239128112793,3,3.0,0|1|2|3,
1770052711,1,train,64,4.0,1.1076923076923078,284,-53.548484802246094,3,3.0,0|1|2|3,
1770052748,1,train,65,2.0,1.121212121212121,243,-53.85757064819336,3,3.0,0|1|2|3,
1770052783,1,train,66,2.0,1.1343283582089552,226,-53.19271469116211,3,3.0,0|1|2|3,
1770052803,1,train,67,0.0,1.1176470588235294,135,-53.75281524658203,3,3.0,0|1|2|3,
1770052839,1,train,68,2.0,1.1304347826086956,235,-53.12246322631836,3,3.0,0|1|2|3,
1770052859,1,train,69,0.0,1.1142857142857143,127,-52.33258819580078,3,3.0,0|1|2|3,
1770052884,1,train,70,1.0,1.1126760563380282,167,-53.17466354370117,3,3.0,0|1|2|3,
1770052913,1,train,71,1.0,1.1111111111111112,192,-53.00495910644531,3,3.0,0|1|2|3,
1770052933,1,train,72,0.0,1.095890410958904,126,-52.0325927734375,3,3.0,0|1|2|3,
1770052952,1,train,73,0.0,1.0810810810810811,129,-52.40617370605469,3,3.0,0|1|2|3,
1770052980,1,train,74,1.0,1.08,181,-53.32892990112305,3,3.0,0|1|2|3,
1770053021,1,train,75,3.0,1.105263157894737,269,-53.88850402832031,3,3.0,0|1|2|3,
1770053042,1,train,76,0.0,1.0909090909090908,138,-54.05699157714844,3,3.0,0|1|2|3,
1770053071,1,train,77,1.0,1.0897435897435896,189,-53.50468063354492,3,3.0,0|1|2|3,
1770053105,1,train,78,2.0,1.1012658227848102,223,-52.940269470214844,3,3.0,0|1|2|3,
1770053136,1,train,79,2.0,1.1125,201,-53.35152816772461,3,3.0,0|1|2|3,
1770053162,1,train,80,1.0,1.1111111111111112,170,-53.53657531738281,3,3.0,0|1|2|3,
1770053182,1,train,81,0.0,1.0975609756097562,133,-54.713600158691406,3,3.0,0|1|2|3,
1770053215,1,train,82,2.0,1.108433734939759,214,-53.72669219970703,3,3.0,0|1|2|3,
1770053247,1,train,83,2.0,1.119047619047619,208,-53.43703079223633,3,3.0,0|1|2|3,
1770053270,1,train,84,0.0,1.1058823529411765,150,-54.2315673828125,3,3.0,0|1|2|3,
1770053299,1,train,85,1.0,1.1046511627906976,193,-54.166473388671875,3,3.0,0|1|2|3,
1770053333,1,train,86,2.0,1.1149425287356323,220,-53.353816986083984,3,3.0,0|1|2|3,
1770053358,1,train,87,1.0,1.1136363636363635,163,-52.52235412597656,3,3.0,0|1|2|3,
1770053399,1,train,88,3.0,1.1348314606741574,271,-52.89722442626953,3,3.0,0|1|2|3,
1770053419,1,train,89,0.0,1.1222222222222222,131,-52.47550582885742,3,3.0,0|1|2|3,
1770053450,1,train,90,2.0,1.1318681318681318,203,-51.71266555786133,3,3.0,0|1|2|3,
1770053471,1,train,91,0.0,1.1195652173913044,137,-51.00477981567383,3,3.0,0|1|2|3,
1770053505,1,train,92,2.0,1.1290322580645162,218,-52.35710906982422,3,3.0,0|1|2|3,
1770053533,1,train,93,1.0,1.127659574468085,184,-53.494384765625,3,3.0,0|1|2|3,
1770053564,1,train,94,2.0,1.1368421052631579,200,-53.12555694580078,3,3.0,0|1|2|3,
1770053634,1,train,95,9.0,1.21875,458,-53.50115203857422,3,3.0,0|1|2|3,
1770053660,1,train,96,1.0,1.2164948453608246,172,-53.587158203125,3,3.0,0|1|2|3,
1770053688,1,train,97,1.0,1.2142857142857142,183,-53.29413986206055,3,3.0,0|1|2|3,
1770053707,1,train,98,0.0,1.202020202020202,122,-52.87834930419922,3,3.0,0|1|2|3,
1770053730,1,train,99,1.0,1.2,156,-52.45584487915039,3,3.0,0|1|2|3,
1770053730,1,train_cycle_avg,-1,1.2,1.2,182,-53.14858444213867,-1,,,1.4071247279470287
1770053747,1,test,0,0.0,0.0,141,-53.475643157958984,3,3.0,0|1|2|3,
1770053763,1,test,1,0.0,0.0,140,-53.61650085449219,3,3.0,0|1|2|3,
1770053780,1,test,2,1.0,0.3333333333333333,151,-53.35469436645508,3,3.0,0|1|2|3,
1770053809,1,test,3,3.0,1.0,249,-53.901695251464844,3,3.0,0|1|2|3,
1770053831,1,test,4,1.0,1.0,184,-53.257347106933594,3,3.0,0|1|2|3,
1770053851,1,test,5,1.0,1.0,174,-53.56918716430664,3,3.0,0|1|2|3,
1770053866,1,test,6,0.0,0.8571428571428571,137,-53.20490264892578,3,3.0,0|1|2|3,
1770053891,1,test,7,2.0,1.0,211,-53.516719818115234,3,3.0,0|1|2|3,
1770053912,1,test,8,2.0,1.1111111111111112,183,-53.83123779296875,3,3.0,0|1|2|3,
1770053932,1,test,9,1.0,1.1,173,-53.90816116333008,3,3.0,0|1|2|3,
1770053947,1,test,10,0.0,1.0,130,-53.86227035522461,3,3.0,0|1|2|3,
1770053972,1,test,11,2.0,1.0833333333333333,215,-54.09880065917969,3,3.0,0|1|2|3,
1770053988,1,test,12,0.0,1.0,135,-53.818538665771484,3,3.0,0|1|2|3,
1770054011,1,test,13,2.0,1.0714285714285714,207,-53.7949104309082,3,3.0,0|1|2|3,
1770054036,1,test,14,2.0,1.1333333333333333,206,-53.6981086730957,3,3.0,0|1|2|3,
1770054064,1,test,15,3.0,1.25,247,-53.356536865234375,3,3.0,0|1|2|3,
1770054085,1,test,16,1.0,1.2352941176470589,183,-53.89835739135742,3,3.0,0|1|2|3,
1770054103,1,test,17,0.0,1.1666666666666667,150,-54.13237380981445,3,3.0,0|1|2|3,
1770054126,1,test,18,2.0,1.2105263157894737,204,-53.67404556274414,3,3.0,0|1|2|3,
1770054148,1,test,19,1.0,1.2,183,-53.588008880615234,3,3.0,0|1|2|3,
1770054166,1,test,20,1.0,1.1904761904761905,164,-53.77143859863281,3,3.0,0|1|2|3,
1770054182,1,test,21,0.0,1.1363636363636365,134,-53.549339294433594,3,3.0,0|1|2|3,
1770054197,1,test,22,0.0,1.0869565217391304,131,-53.54662322998047,3,3.0,0|1|2|3,
1770054222,1,test,23,2.0,1.125,213,-53.58905029296875,3,3.0,0|1|2|3,
1770054249,1,test,24,3.0,1.2,237,-53.72935104370117,3,3.0,0|1|2|3,
1770054265,1,test,25,0.0,1.1538461538461537,141,-53.52607345581055,3,3.0,0|1|2|3,
1770054289,1,test,26,2.0,1.1851851851851851,206,-53.15147399902344,3,3.0,0|1|2|3,
1770054314,1,test,27,2.0,1.2142857142857142,210,-53.74848937988281,3,3.0,0|1|2|3,
1770054334,1,test,28,1.0,1.206896551724138,173,-53.87178421020508,3,3.0,0|1|2|3,
1770054349,1,test,29,0.0,1.1666666666666667,137,-53.81679916381836,3,3.0,0|1|2|3,
1770054383,1,test,30,3.0,1.2258064516129032,294,-53.99143600463867,3,3.0,0|1|2|3,
1770054401,1,test,31,0.0,1.1875,149,-53.80940246582031,3,3.0,0|1|2|3,
1770054424,1,test,32,2.0,1.2121212121212122,201,-53.42020034790039,3,3.0,0|1|2|3,
1770054443,1,test,33,1.0,1.2058823529411764,166,-53.36612319946289,3,3.0,0|1|2|3,
1770054472,1,test,34,2.0,1.2285714285714286,246,-54.15549850463867,3,3.0,0|1|2|3,
1770054500,1,test,35,3.0,1.2777777777777777,247,-53.77386474609375,3,3.0,0|1|2|3,
1770054530,1,test,36,3.0,1.3243243243243243,260,-53.54229736328125,3,3.0,0|1|2|3,
1770054549,1,test,37,1.0,1.3157894736842106,157,-53.64902877807617,3,3.0,0|1|2|3,
1770054572,1,test,38,2.0,1.3333333333333333,202,-53.65068054199219,3,3.0,0|1|2|3,
1770054589,1,test,39,0.0,1.3,142,-53.642494201660156,3,3.0,0|1|2|3,
1770054612,1,test,40,2.0,1.3170731707317074,206,-53.74440383911133,3,3.0,0|1|2|3,
1770054631,1,test,41,1.0,1.3095238095238095,163,-53.26945495605469,3,3.0,0|1|2|3,
1770054658,1,test,42,2.0,1.3255813953488371,233,-53.809791564941406,3,3.0,0|1|2|3,
1770054678,1,test,43,1.0,1.3181818181818181,174,-54.13930130004883,3,3.0,0|1|2|3,
1770054694,1,test,44,0.0,1.288888888888889,140,-53.071205139160156,3,3.0,0|1|2|3,
1770054715,1,test,45,1.0,1.2826086956521738,176,-53.79133224487305,3,3.0,0|1|2|3,
1770054730,1,test,46,0.0,1.2553191489361701,132,-52.78741455078125,3,3.0,0|1|2|3,
1770054754,1,test,47,2.0,1.2708333333333333,207,-53.680789947509766,3,3.0,0|1|2|3,
1770054775,1,test,48,1.0,1.2653061224489797,179,-53.53302764892578,3,3.0,0|1|2|3,
1770054795,1,test,49,1.0,1.26,173,-53.38435745239258,3,3.0,0|1|2|3,
1770054819,1,test,50,2.0,1.2745098039215685,210,-53.708797454833984,3,3.0,0|1|2|3,
1770054837,1,test,51,1.0,1.2692307692307692,156,-53.502506256103516,3,3.0,0|1|2|3,
1770054857,1,test,52,1.0,1.2641509433962264,175,-53.78089141845703,3,3.0,0|1|2|3,
1770054883,1,test,53,2.0,1.2777777777777777,224,-53.33052062988281,3,3.0,0|1|2|3,
1770054912,1,test,54,3.0,1.309090909090909,249,-53.75104522705078,3,3.0,0|1|2|3,
1770054928,1,test,55,0.0,1.2857142857142858,140,-53.453338623046875,3,3.0,0|1|2|3,
1770054945,1,test,56,0.0,1.263157894736842,146,-53.5276985168457,3,3.0,0|1|2|3,
1770054964,1,test,57,1.0,1.2586206896551724,168,-53.684566497802734,3,3.0,0|1|2|3,
1770054990,1,test,58,2.0,1.271186440677966,218,-54.08805465698242,3,3.0,0|1|2|3,
1770055008,1,test,59,1.0,1.2666666666666666,158,-53.67292022705078,3,3.0,0|1|2|3,
1770055030,1,test,60,1.0,1.2622950819672132,191,-53.590702056884766,3,3.0,0|1|2|3,
1770055054,1,test,61,2.0,1.2741935483870968,208,-53.978111267089844,3,3.0,0|1|2|3,
1770055089,1,test,62,4.0,1.3174603174603174,305,-53.43818283081055,3,3.0,0|1|2|3,
1770055104,1,test,63,0.0,1.296875,127,-52.96843338012695,3,3.0,0|1|2|3,
1770055133,1,test,64,3.0,1.323076923076923,253,-53.8337516784668,3,3.0,0|1|2|3,
1770055158,1,test,65,2.0,1.3333333333333333,209,-53.48064422607422,3,3.0,0|1|2|3,
1770055176,1,test,66,1.0,1.328358208955224,159,-53.781620025634766,3,3.0,0|1|2|3,
1770055205,1,test,67,3.0,1.3529411764705883,256,-53.273319244384766,3,3.0,0|1|2|3,
1770055230,1,test,68,3.0,1.3768115942028984,212,-53.490325927734375,3,3.0,0|1|2|3,
1770055247,1,test,69,0.0,1.3571428571428572,144,-53.37314987182617,3,3.0,0|1|2|3,
1770055266,1,test,70,1.0,1.352112676056338,169,-53.94111251831055,3,3.0,0|1|2|3,
1770055300,1,test,71,4.0,1.3888888888888888,297,-53.48133850097656,3,3.0,0|1|2|3,
1770055321,1,test,72,1.0,1.3835616438356164,182,-53.49491500854492,3,3.0,0|1|2|3,
1770055347,1,test,73,2.0,1.3918918918918919,219,-54.016597747802734,3,3.0,0|1|2|3,
1770055368,1,test,74,1.0,1.3866666666666667,185,-53.61603927612305,3,3.0,0|1|2|3,
1770055384,1,test,75,0.0,1.368421052631579,138,-53.2663459777832,3,3.0,0|1|2|3,
1770055411,1,test,76,3.0,1.3896103896103895,230,-53.946109771728516,3,3.0,0|1|2|3,
1770055434,1,test,77,2.0,1.3974358974358974,203,-53.39093017578125,3,3.0,0|1|2|3,
1770055466,1,test,78,3.0,1.4177215189873418,272,-53.5617561340332,3,3.0,0|1|2|3,
1770055490,1,test,79,2.0,1.425,209,-53.963706970214844,3,3.0,0|1|2|3,
1770055514,1,test,80,2.0,1.4320987654320987,211,-53.67714309692383,3,3.0,0|1|2|3,
1770055557,1,test,81,6.0,1.4878048780487805,366,-53.59627151489258,3,3.0,0|1|2|3,
1770055583,1,test,82,2.0,1.4939759036144578,223,-53.699371337890625,3,3.0,0|1|2|3,
1770055598,1,test,83,0.0,1.4761904761904763,128,-52.96665954589844,3,3.0,0|1|2|3,
1770055613,1,test,84,0.0,1.4588235294117646,136,-53.16444778442383,3,3.0,0|1|2|3,
1770055632,1,test,85,1.0,1.4534883720930232,159,-53.338199615478516,3,3.0,0|1|2|3,
1770055654,1,test,86,2.0,1.4597701149425288,195,-53.64314270019531,3,3.0,0|1|2|3,
1770055670,1,test,87,0.0,1.4431818181818181,137,-53.08855056762695,3,3.0,0|1|2|3,
1770055684,1,test,88,0.0,1.4269662921348314,124,-53.149879455566406,3,3.0,0|1|2|3,
1770055728,1,test,89,6.0,1.4777777777777779,378,-54.28778839111328,3,3.0,0|1|2|3,
1770055749,1,test,90,1.0,1.4725274725274726,178,-53.682865142822266,3,3.0,0|1|2|3,
1770055766,1,test,91,0.0,1.4565217391304348,149,-53.93567657470703,3,3.0,0|1|2|3,
1770055789,1,test,92,2.0,1.4623655913978495,201,-53.72208786010742,3,3.0,0|1|2|3,
1770055818,1,test,93,3.0,1.4787234042553192,251,-53.66383361816406,3,3.0,0|1|2|3,
1770055833,1,test,94,0.0,1.4631578947368422,129,-53.198402404785156,3,3.0,0|1|2|3,
1770055850,1,test,95,0.0,1.4479166666666667,143,-53.77613067626953,3,3.0,0|1|2|3,
1770055865,1,test,96,0.0,1.4329896907216495,130,-53.4399528503418,3,3.0,0|1|2|3,
1770055881,1,test,97,0.0,1.4183673469387754,143,-53.21227264404297,3,3.0,0|1|2|3,
1770055896,1,test,98,0.0,1.404040404040404,124,-53.30360794067383,3,3.0,0|1|2|3,
1770055915,1,test,99,1.0,1.4,163,-54.41790771484375,3,3.0,0|1|2|3,
1770055915,1,test_cycle_avg,-1,1.4,1.4,189,-53.61422191619873,-1,,,1.2649110640673518
1770055946,2,train,0,2.0,2.0,208,-53.64970016479492,3,3.0,0|1|2|3,
1770055965,2,train,1,0.0,1.0,125,-53.4337158203125,3,3.0,0|1|2|3,
1770055985,2,train,2,0.0,0.6666666666666666,131,-53.64226150512695,3,3.0,0|1|2|3,
1770056017,2,train,3,2.0,1.0,203,-53.3980598449707,3,3.0,0|1|2|3,
1770056038,2,train,4,0.0,0.8,141,-53.58946990966797,3,3.0,0|1|2|3,
1770056058,2,train,5,0.0,0.6666666666666666,132,-53.31902313232422,3,3.0,0|1|2|3,
1770056087,2,train,6,1.0,0.7142857142857143,187,-53.513511657714844,3,3.0,0|1|2|3,
1770056114,2,train,7,1.0,0.75,178,-53.480438232421875,3,3.0,0|1|2|3,
1770056150,2,train,8,3.0,1.0,233,-53.606388092041016,3,3.0,0|1|2|3,
1770056181,2,train,9,2.0,1.1,201,-53.00089645385742,3,3.0,0|1|2|3,
1770056214,2,train,10,2.0,1.1818181818181819,217,-53.35599136352539,3,3.0,0|1|2|3,
1770056236,2,train,11,0.0,1.0833333333333333,143,-53.71870040893555,3,3.0,0|1|2|3,
1770056260,2,train,12,1.0,1.0769230769230769,158,-53.25519561767578,3,3.0,0|1|2|3,
1770056306,2,train,13,4.0,1.2857142857142858,301,-53.39332962036133,3,3.0,0|1|2|3,
1770056336,2,train,14,1.0,1.2666666666666666,190,-52.9442024230957,3,3.0,0|1|2|3,
1770056377,2,train,15,3.0,1.375,273,-52.87789535522461,3,3.0,0|1|2|3,
1770056410,2,train,16,2.0,1.411764705882353,212,-53.0418586730957,3,3.0,0|1|2|3,
1770056430,2,train,17,0.0,1.3333333333333333,131,-53.07316207885742,3,3.0,0|1|2|3,
1770056452,2,train,18,0.0,1.263157894736842,142,-53.465362548828125,3,3.0,0|1|2|3,
1770056498,2,train,19,4.0,1.4,302,-53.1910514831543,3,3.0,0|1|2|3,
1770056525,2,train,20,1.0,1.380952380952381,177,-54.30934524536133,3,3.0,0|1|2|3,
1770056557,2,train,21,2.0,1.4090909090909092,207,-53.202857971191406,3,3.0,0|1|2|3,
1770056587,2,train,22,1.0,1.391304347826087,193,-53.50042724609375,3,3.0,0|1|2|3,
1770056606,2,train,23,0.0,1.3333333333333333,131,-52.749359130859375,3,3.0,0|1|2|3,
1770056638,2,train,24,2.0,1.36,209,-53.32011795043945,3,3.0,0|1|2|3,
1770056669,2,train,25,2.0,1.3846153846153846,200,-54.195613861083984,3,3.0,0|1|2|3,
1770056690,2,train,26,0.0,1.3333333333333333,134,-53.11125946044922,3,3.0,0|1|2|3,
1770056709,2,train,27,0.0,1.2857142857142858,129,-53.14344787597656,3,3.0,0|1|2|3,
1770056737,2,train,28,2.0,1.3103448275862069,184,-53.54716873168945,3,3.0,0|1|2|3,
1770056757,2,train,29,0.0,1.2666666666666666,129,-53.187889099121094,3,3.0,0|1|2|3,
1770056796,2,train,30,3.0,1.3225806451612903,254,-53.31491470336914,3,3.0,0|1|2|3,
1770056828,2,train,31,2.0,1.34375,204,-53.27393341064453,3,3.0,0|1|2|3,
1770056851,2,train,32,1.0,1.3333333333333333,155,-52.605316162109375,3,3.0,0|1|2|3,
1770056877,2,train,33,1.0,1.3235294117647058,169,-54.51470947265625,3,3.0,0|1|2|3,
1770056897,2,train,34,0.0,1.2857142857142858,132,-53.439971923828125,3,3.0,0|1|2|3,
1770056933,2,train,35,3.0,1.3333333333333333,231,-53.62763977050781,3,3.0,0|1|2|3,
1770056966,2,train,36,2.0,1.3513513513513513,219,-52.91868591308594,3,3.0,0|1|2|3,
1770056994,2,train,37,1.0,1.3421052631578947,181,-54.13481903076172,3,3.0,0|1|2|3,
1770057026,2,train,38,2.0,1.358974358974359,206,-53.62015914916992,3,3.0,0|1|2|3,
1770057054,2,train,39,1.0,1.35,184,-53.992408752441406,3,3.0,0|1|2|3,
1770057085,2,train,40,2.0,1.3658536585365855,204,-53.313629150390625,3,3.0,0|1|2|3,
1770057106,2,train,41,0.0,1.3333333333333333,134,-54.04469299316406,3,3.0,0|1|2|3,
1770057140,2,train,42,2.0,1.3488372093023255,220,-53.79883575439453,3,3.0,0|1|2|3,
1770057168,2,train,43,1.0,1.3409090909090908,186,-53.926429748535156,3,3.0,0|1|2|3,
1770057193,2,train,44,1.0,1.3333333333333333,159,-53.533042907714844,3,3.0,0|1|2|3,
1770057224,2,train,45,2.0,1.3478260869565217,205,-53.899391174316406,3,3.0,0|1|2|3,
1770057244,2,train,46,0.0,1.3191489361702127,127,-53.816043853759766,3,3.0,0|1|2|3,
1770057265,2,train,47,0.0,1.2916666666666667,138,-53.81023025512695,3,3.0,0|1|2|3,
1770057289,2,train,48,1.0,1.2857142857142858,156,-53.873836517333984,3,3.0,0|1|2|3,
1770057316,2,train,49,1.0,1.28,178,-53.418785095214844,3,3.0,0|1|2|3,
1770057350,2,train,50,2.0,1.2941176470588236,216,-52.81175231933594,3,3.0,0|1|2|3,
1770057374,2,train,51,0.0,1.2692307692307692,157,-53.43732452392578,3,3.0,0|1|2|3,
1770057420,2,train,52,4.0,1.320754716981132,303,-53.535221099853516,3,3.0,0|1|2|3,
1770057442,2,train,53,0.0,1.2962962962962963,140,-53.16582489013672,3,3.0,0|1|2|3,
1770057466,2,train,54,1.0,1.290909090909091,159,-53.607234954833984,3,3.0,0|1|2|3,
1770057490,2,train,55,1.0,1.2857142857142858,157,-53.93553161621094,3,3.0,0|1|2|3,
1770057518,2,train,56,1.0,1.280701754385965,182,-53.22996139526367,3,3.0,0|1|2|3,
1770057557,2,train,57,3.0,1.3103448275862069,255,-53.11129379272461,3,3.0,0|1|2|3,
1770057578,2,train,58,0.0,1.2881355932203389,138,-53.36361312866211,3,3.0,0|1|2|3,
1770057598,2,train,59,0.0,1.2666666666666666,126,-53.33658218383789,3,3.0,0|1|2|3,
1770057622,2,train,60,1.0,1.2622950819672132,162,-53.26024627685547,3,3.0,0|1|2|3,
1770057643,2,train,61,0.0,1.2419354838709677,136,-53.403804779052734,3,3.0,0|1|2|3,
1770057675,2,train,62,2.0,1.253968253968254,211,-54.08855438232422,3,3.0,0|1|2|3,
1770057703,2,train,63,1.0,1.25,179,-53.276283264160156,3,3.0,0|1|2|3,
1770057737,2,train,64,2.0,1.2615384615384615,221,-53.19926452636719,3,3.0,0|1|2|3,
1770057757,2,train,65,0.0,1.2424242424242424,135,-54.03900146484375,3,3.0,0|1|2|3,
1770057780,2,train,66,0.0,1.2238805970149254,146,-53.56245040893555,3,3.0,0|1|2|3,
1770057813,2,train,67,2.0,1.2352941176470589,214,-53.34966278076172,3,3.0,0|1|2|3,
1770057840,2,train,68,1.0,1.2318840579710144,183,-53.48644256591797,3,3.0,0|1|2|3,
1770057861,2,train,69,0.0,1.2142857142857142,136,-54.75337219238281,3,3.0,0|1|2|3,
1770057883,2,train,70,0.0,1.1971830985915493,138,-54.46382522583008,3,3.0,0|1|2|3,
1770057910,2,train,71,1.0,1.1944444444444444,179,-53.92867660522461,3,3.0,0|1|2|3,
1770057952,2,train,72,4.0,1.2328767123287672,275,-53.93852615356445,3,3.0,0|1|2|3,
1770057972,2,train,73,0.0,1.2162162162162162,132,-53.517765045166016,3,3.0,0|1|2|3,
1770057993,2,train,74,0.0,1.2,138,-53.50825119018555,3,3.0,0|1|2|3,
1770058017,2,train,75,0.0,1.1842105263157894,154,-52.77949523925781,3,3.0,0|1|2|3,
1770058040,2,train,76,0.0,1.1688311688311688,147,-53.33808517456055,3,3.0,0|1|2|3,
1770058071,2,train,77,2.0,1.1794871794871795,204,-53.67182540893555,3,3.0,0|1|2|3,
1770058102,2,train,78,2.0,1.1898734177215189,203,-52.54717254638672,3,3.0,0|1|2|3,
1770058130,2,train,79,1.0,1.1875,176,-51.85104751586914,3,3.0,0|1|2|3,
1770058149,2,train,80,0.0,1.1728395061728396,130,-51.78950881958008,3,3.0,0|1|2|3,
1770058178,2,train,81,1.0,1.170731707317073,183,-53.273624420166016,3,3.0,0|1|2|3,
1770058199,2,train,82,0.0,1.1566265060240963,136,-53.90972900390625,3,3.0,0|1|2|3,
1770058231,2,train,83,2.0,1.1666666666666667,211,-53.350425720214844,3,3.0,0|1|2|3,
1770058264,2,train,84,2.0,1.1764705882352942,215,-53.513126373291016,3,3.0,0|1|2|3,
1770058284,2,train,85,0.0,1.1627906976744187,127,-53.089420318603516,3,3.0,0|1|2|3,
1770058305,2,train,86,0.0,1.1494252873563218,140,-54.08876037597656,3,3.0,0|1|2|3,
1770058324,2,train,87,0.0,1.1363636363636365,125,-53.75679016113281,3,3.0,0|1|2|3,
1770058346,2,train,88,0.0,1.1235955056179776,140,-54.24818420410156,3,3.0,0|1|2|3,
1770058373,2,train,89,1.0,1.1222222222222222,175,-53.235721588134766,3,3.0,0|1|2|3,
1770058408,2,train,90,2.0,1.1318681318681318,225,-53.51969528198242,3,3.0,0|1|2|3,
1770058429,2,train,91,0.0,1.1195652173913044,137,-52.88832092285156,3,3.0,0|1|2|3,
1770058453,2,train,92,1.0,1.118279569892473,158,-54.083335876464844,3,3.0,0|1|2|3,
1770058477,2,train,93,0.0,1.1063829787234043,156,-54.88239669799805,3,3.0,0|1|2|3,
1770058500,2,train,94,0.0,1.0947368421052632,146,-54.01559066772461,3,3.0,0|1|2|3,
1770058520,2,train,95,0.0,1.0833333333333333,131,-54.187164306640625,3,3.0,0|1|2|3,
1770058555,2,train,96,2.0,1.092783505154639,228,-53.63304138183594,3,3.0,0|1|2|3,
1770058575,2,train,97,0.0,1.0816326530612246,133,-52.96148681640625,3,3.0,0|1|2|3,
1770058596,2,train,98,0.0,1.0707070707070707,135,-53.29319381713867,3,3.0,0|1|2|3,
1770058630,2,train,99,2.0,1.08,220,-53.222625732421875,3,3.0,0|1|2|3,
1770058630,2,train_cycle_avg,-1,1.08,1.08,177,-53.48535411834717,-1,,,1.1016351483136326
1770058655,2,test,0,2.0,2.0,217,-53.35670471191406,3,3.0,0|1|2|3,
1770058670,2,test,1,0.0,1.0,133,-53.429988861083984,3,3.0,0|1|2|3,
1770058686,2,test,2,0.0,0.6666666666666666,131,-53.25423049926758,3,3.0,0|1|2|3,
1770058709,2,test,3,2.0,1.0,205,-53.110225677490234,3,3.0,0|1|2|3,
1770058724,2,test,4,0.0,0.8,129,-52.77962112426758,3,3.0,0|1|2|3,
1770058741,2,test,5,0.0,0.6666666666666666,141,-52.58530044555664,3,3.0,0|1|2|3,
1770058756,2,test,6,0.0,0.5714285714285714,135,-52.85961151123047,3,3.0,0|1|2|3,
1770058784,2,test,7,3.0,0.875,243,-52.93699264526367,3,3.0,0|1|2|3,
1770058809,2,test,8,2.0,1.0,216,-53.07939147949219,3,3.0,0|1|2|3,
1770058826,2,test,9,0.0,0.9,145,-52.823673248291016,3,3.0,0|1|2|3,
1770058850,2,test,10,2.0,1.0,209,-53.05200958251953,3,3.0,0|1|2|3,
1770058874,2,test,11,2.0,1.0833333333333333,207,-52.75646209716797,3,3.0,0|1|2|3,
1770058897,2,test,12,2.0,1.1538461538461537,203,-53.157562255859375,3,3.0,0|1|2|3,
1770058914,2,test,13,0.0,1.0714285714285714,143,-52.4300422668457,3,3.0,0|1|2|3,
1770058932,2,test,14,0.0,1.0,151,-52.88732147216797,3,3.0,0|1|2|3,
1770058949,2,test,15,0.0,0.9375,152,-52.985198974609375,3,3.0,0|1|2|3,
1770058976,2,test,16,2.0,1.0,230,-53.53016662597656,3,3.0,0|1|2|3,
1770058996,2,test,17,1.0,1.0,177,-53.379337310791016,3,3.0,0|1|2|3,
1770059015,2,test,18,1.0,1.0,163,-53.022369384765625,3,3.0,0|1|2|3,
1770059039,2,test,19,2.0,1.05,204,-53.15163040161133,3,3.0,0|1|2|3,
1770059063,2,test,20,2.0,1.0952380952380953,211,-52.34968566894531,3,3.0,0|1|2|3,
1770059087,2,test,21,2.0,1.1363636363636365,211,-52.695716857910156,3,3.0,0|1|2|3,
1770059103,2,test,22,0.0,1.0869565217391304,133,-53.52024841308594,3,3.0,0|1|2|3,
1770059122,2,test,23,1.0,1.0833333333333333,171,-53.127586364746094,3,3.0,0|1|2|3,
1770059141,2,test,24,1.0,1.08,158,-53.13925552368164,3,3.0,0|1|2|3,
1770059168,2,test,25,2.0,1.1153846153846154,233,-53.345481872558594,3,3.0,0|1|2|3,
1770059184,2,test,26,0.0,1.0740740740740742,141,-52.5583610534668,3,3.0,0|1|2|3,
1770059200,2,test,27,0.0,1.0357142857142858,141,-52.768917083740234,3,3.0,0|1|2|3,
1770059216,2,test,28,0.0,1.0,134,-53.23111343383789,3,3.0,0|1|2|3,
1770059231,2,test,29,0.0,0.9666666666666667,134,-53.51519012451172,3,3.0,0|1|2|3,
1770059246,2,test,30,0.0,0.9354838709677419,132,-52.80370330810547,3,3.0,0|1|2|3,
1770059263,2,test,31,0.0,0.90625,139,-53.04226303100586,3,3.0,0|1|2|3,
1770059284,2,test,32,1.0,0.9090909090909091,186,-53.15517044067383,3,3.0,0|1|2|3,
1770059300,2,test,33,0.0,0.8823529411764706,138,-53.117427825927734,3,3.0,0|1|2|3,
1770059325,2,test,34,2.0,0.9142857142857143,216,-52.97944259643555,3,3.0,0|1|2|3,
1770059343,2,test,35,0.0,0.8888888888888888,155,-53.02082824707031,3,3.0,0|1|2|3,
1770059367,2,test,36,2.0,0.918918918918919,203,-52.405216217041016,3,3.0,0|1|2|3,
1770059396,2,test,37,3.0,0.9736842105263158,250,-52.93923568725586,3,3.0,0|1|2|3,
1770059412,2,test,38,0.0,0.9487179487179487,140,-53.06488800048828,3,3.0,0|1|2|3,
1770059427,2,test,39,0.0,0.925,134,-52.73131561279297,3,3.0,0|1|2|3,
1770059456,2,test,40,2.0,0.9512195121951219,248,-53.299888610839844,3,3.0,0|1|2|3,
1770059477,2,test,41,1.0,0.9523809523809523,178,-52.817420959472656,3,3.0,0|1|2|3,
1770059498,2,test,42,1.0,0.9534883720930233,181,-52.65544128417969,3,3.0,0|1|2|3,
1770059513,2,test,43,0.0,0.9318181818181818,133,-53.145912170410156,3,3.0,0|1|2|3,
1770059529,2,test,44,0.0,0.9111111111111111,139,-52.98286819458008,3,3.0,0|1|2|3,
1770059545,2,test,45,0.0,0.8913043478260869,139,-52.27609634399414,3,3.0,0|1|2|3,
1770059561,2,test,46,0.0,0.8723404255319149,132,-52.512733459472656,3,3.0,0|1|2|3,
1770059592,2,test,47,3.0,0.9166666666666666,271,-52.97038650512695,3,3.0,0|1|2|3,
1770059616,2,test,48,2.0,0.9387755102040817,212,-52.782527923583984,3,3.0,0|1|2|3,
1770059633,2,test,49,0.0,0.92,140,-52.82313919067383,3,3.0,0|1|2|3,
1770059651,2,test,50,0.0,0.9019607843137255,164,-53.22045135498047,3,3.0,0|1|2|3,
1770059667,2,test,51,0.0,0.8846153846153846,137,-53.15690994262695,3,3.0,0|1|2|3,
1770059682,2,test,52,0.0,0.8679245283018868,129,-52.87941360473633,3,3.0,0|1|2|3,
1770059709,2,test,53,2.0,0.8888888888888888,228,-52.99564743041992,3,3.0,0|1|2|3,
1770059731,2,test,54,1.0,0.8909090909090909,198,-52.63707733154297,3,3.0,0|1|2|3,
1770059747,2,test,55,0.0,0.875,139,-53.168983459472656,3,3.0,0|1|2|3,
1770059763,2,test,56,0.0,0.8596491228070176,132,-52.98871994018555,3,3.0,0|1|2|3,
1770059788,2,test,57,2.0,0.8793103448275862,217,-53.149566650390625,3,3.0,0|1|2|3,
1770059810,2,test,58,2.0,0.8983050847457628,192,-53.06061935424805,3,3.0,0|1|2|3,
1770059834,2,test,59,2.0,0.9166666666666666,210,-53.51678466796875,3,3.0,0|1|2|3,
1770059849,2,test,60,0.0,0.9016393442622951,126,-52.7330322265625,3,3.0,0|1|2|3,
1770059868,2,test,61,1.0,0.9032258064516129,163,-52.96280288696289,3,3.0,0|1|2|3,
1770059884,2,test,62,0.0,0.8888888888888888,142,-53.12125778198242,3,3.0,0|1|2|3,
1770059899,2,test,63,0.0,0.875,125,-53.18647003173828,3,3.0,0|1|2|3,
1770059914,2,test,64,0.0,0.8615384615384616,133,-52.986961364746094,3,3.0,0|1|2|3,
1770059936,2,test,65,1.0,0.8636363636363636,186,-53.226463317871094,3,3.0,0|1|2|3,
1770059969,2,test,66,3.0,0.8955223880597015,287,-53.0827751159668,3,3.0,0|1|2|3,
1770059986,2,test,67,0.0,0.8823529411764706,151,-53.47431945800781,3,3.0,0|1|2|3,
1770060002,2,test,68,0.0,0.8695652173913043,133,-52.876220703125,3,3.0,0|1|2|3,
1770060028,2,test,69,2.0,0.8857142857142857,230,-53.044342041015625,3,3.0,0|1|2|3,
1770060065,2,test,70,5.0,0.9436619718309859,318,-52.75582504272461,3,3.0,0|1|2|3,
1770060080,2,test,71,0.0,0.9305555555555556,133,-53.06975555419922,3,3.0,0|1|2|3,
1770060095,2,test,72,0.0,0.9178082191780822,130,-53.57588577270508,3,3.0,0|1|2|3,
1770060111,2,test,73,0.0,0.9054054054054054,137,-52.591835021972656,3,3.0,0|1|2|3,
1770060139,2,test,74,3.0,0.9333333333333333,243,-53.00385665893555,3,3.0,0|1|2|3,
1770060159,2,test,75,1.0,0.9342105263157895,174,-52.988033294677734,3,3.0,0|1|2|3,
1770060182,2,test,76,1.0,0.935064935064935,191,-52.662315368652344,3,3.0,0|1|2|3,
1770060205,2,test,77,1.0,0.9358974358974359,206,-52.949920654296875,3,3.0,0|1|2|3,
1770060236,2,test,78,3.0,0.9620253164556962,269,-53.01567077636719,3,3.0,0|1|2|3,
1770060253,2,test,79,0.0,0.95,146,-53.102535247802734,3,3.0,0|1|2|3,
1770060271,2,test,80,0.0,0.9382716049382716,151,-52.902896881103516,3,3.0,0|1|2|3,
1770060286,2,test,81,0.0,0.926829268292683,129,-53.00071334838867,3,3.0,0|1|2|3,
1770060304,2,test,82,0.0,0.9156626506024096,156,-53.27430725097656,3,3.0,0|1|2|3,
1770060327,2,test,83,2.0,0.9285714285714286,200,-52.850311279296875,3,3.0,0|1|2|3,
1770060362,2,test,84,4.0,0.9647058823529412,298,-53.26340866088867,3,3.0,0|1|2|3,
1770060378,2,test,85,0.0,0.9534883720930233,140,-52.49998092651367,3,3.0,0|1|2|3,
1770060397,2,test,86,1.0,0.9540229885057471,159,-52.87761688232422,3,3.0,0|1|2|3,
1770060426,2,test,87,3.0,0.9772727272727273,254,-53.058956146240234,3,3.0,0|1|2|3,
1770060458,2,test,88,3.0,1.0,272,-52.27920150756836,3,3.0,0|1|2|3,
1770060477,2,test,89,1.0,1.0,171,-52.484737396240234,3,3.0,0|1|2|3,
1770060497,2,test,90,1.0,1.0,166,-53.164310455322266,3,3.0,0|1|2|3,
1770060516,2,test,91,1.0,1.0,165,-52.875091552734375,3,3.0,0|1|2|3,
1770060540,2,test,92,2.0,1.010752688172043,212,-52.77470016479492,3,3.0,0|1|2|3,
1770060561,2,test,93,1.0,1.0106382978723405,178,-53.0783576965332,3,3.0,0|1|2|3,
1770060576,2,test,94,0.0,1.0,128,-53.27848815917969,3,3.0,0|1|2|3,
1770060592,2,test,95,0.0,0.9895833333333334,140,-53.462379455566406,3,3.0,0|1|2|3,
1770060608,2,test,96,0.0,0.979381443298969,142,-52.78643798828125,3,3.0,0|1|2|3,
1770060625,2,test,97,0.0,0.9693877551020408,149,-52.519596099853516,3,3.0,0|1|2|3,
1770060640,2,test,98,0.0,0.9595959595959596,127,-52.6164665222168,3,3.0,0|1|2|3,
1770060663,2,test,99,2.0,0.97,200,-53.415462493896484,3,3.0,0|1|2|3,
1770060663,2,test_cycle_avg,-1,0.97,0.97,176,-52.97993175506592,-1,,,1.1353853971229328
1770060683,3,train,0,0.0,0.0,128,-53.101619720458984,3,3.0,0|1|2|3,
1770060707,3,train,1,1.0,0.5,162,-52.78498077392578,3,3.0,0|1|2|3,
1770060732,3,train,2,1.0,0.6666666666666666,162,-53.79151916503906,3,3.0,0|1|2|3,
1770060764,3,train,3,1.0,0.75,208,-52.70750045776367,3,3.0,0|1|2|3,
1770060785,3,train,4,0.0,0.6,136,-52.90232849121094,3,3.0,0|1|2|3,
1770060813,3,train,5,1.0,0.6666666666666666,185,-52.995113372802734,3,3.0,0|1|2|3,
1770060833,3,train,6,0.0,0.5714285714285714,128,-53.08308029174805,3,3.0,0|1|2|3,
1770060864,3,train,7,2.0,0.75,206,-53.48898696899414,3,3.0,0|1|2|3,
1770060891,3,train,8,1.0,0.7777777777777778,173,-53.45881652832031,3,3.0,0|1|2|3,
1770060911,3,train,9,0.0,0.7,130,-53.52830123901367,3,3.0,0|1|2|3,
1770060934,3,train,10,1.0,0.7272727272727273,156,-54.08406066894531,3,3.0,0|1|2|3,
1770060955,3,train,11,0.0,0.6666666666666666,137,-53.36198043823242,3,3.0,0|1|2|3,
1770060976,3,train,12,0.0,0.6153846153846154,135,-52.93288040161133,3,3.0,0|1|2|3,
1770061008,3,train,13,2.0,0.7142857142857143,208,-53.465763092041016,3,3.0,0|1|2|3,
1770061038,3,train,14,2.0,0.8,194,-54.0926399230957,3,3.0,0|1|2|3,
1770061067,3,train,15,2.0,0.875,192,-53.3367919921875,3,3.0,0|1|2|3,
1770061098,3,train,16,2.0,0.9411764705882353,205,-53.122474670410156,3,3.0,0|1|2|3,
1770061128,3,train,17,1.0,0.9444444444444444,192,-53.148494720458984,3,3.0,0|1|2|3,
1770061160,3,train,18,2.0,1.0,207,-52.72548294067383,3,3.0,0|1|2|3,
1770061187,3,train,19,1.0,1.0,177,-54.28110122680664,3,3.0,0|1|2|3,
1770061208,3,train,20,0.0,0.9523809523809523,142,-53.86064529418945,3,3.0,0|1|2|3,
1770061228,3,train,21,0.0,0.9090909090909091,131,-53.920467376708984,3,3.0,0|1|2|3,
1770061249,3,train,22,0.0,0.8695652173913043,138,-53.61058807373047,3,3.0,0|1|2|3,
1770061276,3,train,23,1.0,0.875,174,-53.33089065551758,3,3.0,0|1|2|3,
1770061307,3,train,24,2.0,0.92,203,-53.8110237121582,3,3.0,0|1|2|3,
1770061329,3,train,25,0.0,0.8846153846153846,141,-53.576080322265625,3,3.0,0|1|2|3,
1770061350,3,train,26,0.0,0.8518518518518519,140,-54.1014289855957,3,3.0,0|1|2|3,
1770061390,3,train,27,3.0,0.9285714285714286,258,-53.457489013671875,3,3.0,0|1|2|3,
1770061426,3,train,28,2.0,0.9655172413793104,236,-53.69114303588867,3,3.0,0|1|2|3,
1770061445,3,train,29,0.0,0.9333333333333333,125,-54.37062454223633,3,3.0,0|1|2|3,
1770061465,3,train,30,0.0,0.9032258064516129,134,-53.63478469848633,3,3.0,0|1|2|3,
1770061499,3,train,31,2.0,0.9375,223,-53.26191329956055,3,3.0,0|1|2|3,
1770061520,3,train,32,0.0,0.9090909090909091,131,-52.74644088745117,3,3.0,0|1|2|3,
1770061540,3,train,33,0.0,0.8823529411764706,134,-52.88274383544922,3,3.0,0|1|2|3,
1770061561,3,train,34,0.0,0.8571428571428571,134,-52.18366622924805,3,3.0,0|1|2|3,
1770061590,3,train,35,2.0,0.8888888888888888,191,-53.188114166259766,3,3.0,0|1|2|3,
1770061628,3,train,36,3.0,0.9459459459459459,251,-53.19807815551758,3,3.0,0|1|2|3,
1770061650,3,train,37,0.0,0.9210526315789473,142,-52.511817932128906,3,3.0,0|1|2|3,
1770061677,3,train,38,1.0,0.9230769230769231,176,-53.042236328125,3,3.0,0|1|2|3,
1770061709,3,train,39,2.0,0.95,212,-53.76748275756836,3,3.0,0|1|2|3,
1770061747,3,train,40,3.0,1.0,243,-54.17821502685547,3,3.0,0|1|2|3,
1770061781,3,train,41,3.0,1.0476190476190477,227,-53.561553955078125,3,3.0,0|1|2|3,
1770061801,3,train,42,0.0,1.0232558139534884,129,-53.688838958740234,3,3.0,0|1|2|3,
1770061830,3,train,43,1.0,1.0227272727272727,190,-53.965309143066406,3,3.0,0|1|2|3,
1770061855,3,train,44,1.0,1.0222222222222221,163,-53.472232818603516,3,3.0,0|1|2|3,
1770061881,3,train,45,1.0,1.0217391304347827,171,-53.34703063964844,3,3.0,0|1|2|3,
1770061913,3,train,46,2.0,1.0425531914893618,206,-53.909889221191406,3,3.0,0|1|2|3,
1770061942,3,train,47,1.0,1.0416666666666667,190,-53.933006286621094,3,3.0,0|1|2|3,
1770061964,3,train,48,0.0,1.0204081632653061,143,-53.417213439941406,3,3.0,0|1|2|3,
1770062004,3,train,49,3.0,1.06,258,-53.68360900878906,3,3.0,0|1|2|3,
1770062043,3,train,50,3.0,1.0980392156862746,257,-53.784454345703125,3,3.0,0|1|2|3,
1770062065,3,train,51,0.0,1.0769230769230769,141,-52.62930679321289,3,3.0,0|1|2|3,
1770062086,3,train,52,0.0,1.0566037735849056,138,-53.413352966308594,3,3.0,0|1|2|3,
1770062106,3,train,53,0.0,1.037037037037037,132,-53.187740325927734,3,3.0,0|1|2|3,
1770062140,3,train,54,2.0,1.0545454545454545,220,-53.30752182006836,3,3.0,0|1|2|3,
1770062174,3,train,55,2.0,1.0714285714285714,222,-53.01927947998047,3,3.0,0|1|2|3,
1770062209,3,train,56,2.0,1.087719298245614,232,-52.997867584228516,3,3.0,0|1|2|3,
1770062246,3,train,57,3.0,1.1206896551724137,238,-53.393917083740234,3,3.0,0|1|2|3,
1770062280,3,train,58,2.0,1.1355932203389831,224,-53.27374267578125,3,3.0,0|1|2|3,
1770062300,3,train,59,0.0,1.1166666666666667,129,-52.39971923828125,3,3.0,0|1|2|3,
1770062326,3,train,60,1.0,1.1147540983606556,171,-53.01184844970703,3,3.0,0|1|2|3,
1770062347,3,train,61,0.0,1.096774193548387,133,-53.25218200683594,3,3.0,0|1|2|3,
1770062366,3,train,62,0.0,1.0793650793650793,129,-53.072364807128906,3,3.0,0|1|2|3,
1770062390,3,train,63,0.0,1.0625,152,-53.81756591796875,3,3.0,0|1|2|3,
1770062409,3,train,64,0.0,1.0461538461538462,129,-53.35964584350586,3,3.0,0|1|2|3,
1770062434,3,train,65,1.0,1.0454545454545454,164,-54.10359191894531,3,3.0,0|1|2|3,
1770062461,3,train,66,1.0,1.044776119402985,171,-53.92317199707031,3,3.0,0|1|2|3,
1770062489,3,train,67,1.0,1.0441176470588236,183,-53.167484283447266,3,3.0,0|1|2|3,
1770062509,3,train,68,0.0,1.0289855072463767,131,-52.490352630615234,3,3.0,0|1|2|3,
1770062535,3,train,69,1.0,1.0285714285714285,173,-53.274322509765625,3,3.0,0|1|2|3,
1770062555,3,train,70,0.0,1.0140845070422535,129,-54.135833740234375,3,3.0,0|1|2|3,
1770062592,3,train,71,3.0,1.0416666666666667,244,-54.012386322021484,3,3.0,0|1|2|3,
1770062617,3,train,72,0.0,1.0273972602739727,163,-54.2858772277832,3,3.0,0|1|2|3,
1770062638,3,train,73,0.0,1.0135135135135136,136,-54.6232795715332,3,3.0,0|1|2|3,
1770062665,3,train,74,1.0,1.0133333333333334,175,-54.297401428222656,3,3.0,0|1|2|3,
1770062686,3,train,75,0.0,1.0,141,-53.49910354614258,3,3.0,0|1|2|3,
1770062710,3,train,76,1.0,1.0,155,-53.04072570800781,3,3.0,0|1|2|3,
1770062738,3,train,77,1.0,1.0,182,-52.86155700683594,3,3.0,0|1|2|3,
1770062769,3,train,78,2.0,1.0126582278481013,200,-53.64208221435547,3,3.0,0|1|2|3,
1770062803,3,train,79,2.0,1.025,224,-53.93063735961914,3,3.0,0|1|2|3,
1770062839,3,train,80,2.0,1.037037037037037,228,-53.85149002075195,3,3.0,0|1|2|3,
1770062870,3,train,81,2.0,1.048780487804878,204,-53.317169189453125,3,3.0,0|1|2|3,
1770062896,3,train,82,1.0,1.0481927710843373,169,-53.086631774902344,3,3.0,0|1|2|3,
1770062924,3,train,83,1.0,1.0476190476190477,184,-53.899776458740234,3,3.0,0|1|2|3,
1770062951,3,train,84,1.0,1.0470588235294118,175,-54.0079345703125,3,3.0,0|1|2|3,
1770062971,3,train,85,0.0,1.0348837209302326,134,-53.75522232055664,3,3.0,0|1|2|3,
1770063003,3,train,86,2.0,1.0459770114942528,207,-53.30083465576172,3,3.0,0|1|2|3,
1770063035,3,train,87,2.0,1.0568181818181819,208,-53.659202575683594,3,3.0,0|1|2|3,
1770063055,3,train,88,0.0,1.0449438202247192,130,-53.730960845947266,3,3.0,0|1|2|3,
1770063085,3,train,89,2.0,1.0555555555555556,197,-53.856327056884766,3,3.0,0|1|2|3,
1770063109,3,train,90,0.0,1.043956043956044,152,-53.40033721923828,3,3.0,0|1|2|3,
1770063133,3,train,91,1.0,1.0434782608695652,155,-54.2669677734375,3,3.0,0|1|2|3,
1770063194,3,train,92,7.0,1.10752688172043,400,-53.38145065307617,3,3.0,0|1|2|3,
1770063215,3,train,93,0.0,1.0957446808510638,133,-53.08012390136719,3,3.0,0|1|2|3,
1770063245,3,train,94,1.0,1.0947368421052632,194,-53.46150588989258,3,3.0,0|1|2|3,
1770063270,3,train,95,1.0,1.09375,168,-53.13066864013672,3,3.0,0|1|2|3,
1770063302,3,train,96,2.0,1.1030927835051547,207,-52.643550872802734,3,3.0,0|1|2|3,
1770063324,3,train,97,0.0,1.0918367346938775,145,-53.1535530090332,3,3.0,0|1|2|3,
1770063353,3,train,98,1.0,1.0909090909090908,188,-53.90547561645508,3,3.0,0|1|2|3,
1770063386,3,train,99,2.0,1.1,211,-54.402381896972656,3,3.0,0|1|2|3,
1770063386,3,train_cycle_avg,-1,1.1,1.1,178,-53.46198356628418,-1,,,1.1357816691600546
1770063401,3,test,0,0.0,0.0,131,-53.40608596801758,3,3.0,0|1|2|3,
1770063421,3,test,1,1.0,0.5,179,-54.230804443359375,3,3.0,0|1|2|3,
1770063436,3,test,2,0.0,0.3333333333333333,130,-53.61343765258789,3,3.0,0|1|2|3,
1770063457,3,test,3,1.0,0.5,176,-53.71497344970703,3,3.0,0|1|2|3,
1770063473,3,test,4,0.0,0.4,140,-53.81462097167969,3,3.0,0|1|2|3,
1770083444,1,train,0,2.0,2.0,214,-49.365848541259766,3,3.0,0|1|2|3,
1770083467,1,train,1,0.0,1.0,147,-52.84696578979492,3,3.0,0|1|2,
1770083489,1,train,2,0.0,0.6666666666666666,136,-52.21160888671875,3,3.0,0|1|2,
1770083535,1,train,3,4.0,1.5,296,-52.42381286621094,3,3.0,0|1|2,
1770083560,1,train,4,0.0,1.2,154,-50.79676055908203,3,3.0,0|1|2|3,
1770083616,1,train,5,5.0,1.8333333333333333,359,-53.66885757446289,3,3.0,0|1|2|3,
1770083657,1,train,6,4.0,2.142857142857143,260,-56.722042083740234,3,3.0,0|1|3,
1770083697,1,train,7,4.0,2.375,256,-57.96210861206055,3,3.0,0|1|3,
1770083721,1,train,8,1.0,2.2222222222222223,156,-59.45562744140625,3,3.0,0|1|3,
1770083745,1,train,9,1.0,2.1,151,-59.671592712402344,3,3.0,1|3,
1770083785,1,train,10,4.0,2.272727272727273,257,-58.17462921142578,3,3.0,0|1|3,
1770083824,1,train,11,4.0,2.4166666666666665,250,-56.65671920776367,3,3.0,1|3,
1770083846,1,train,12,0.0,2.230769230769231,141,-49.53102111816406,3,3.0,0|1|2|3,
1770083868,1,train,13,0.0,2.0714285714285716,143,-49.730064392089844,3,3.0,0|1|2|3,
1770083893,1,train,14,0.0,1.9333333333333333,157,-49.56449890136719,3,3.0,0|1|2|3,
1770083930,1,train,15,3.0,2.0,242,-53.231117248535156,3,3.0,0|1|2|3,
1770083960,1,train,16,2.0,2.0,188,-55.79349899291992,3,3.0,0|1|3,
1770083981,1,train,17,0.0,1.8888888888888888,138,-54.25156784057617,3,3.0,1|2|3,
1770084008,1,train,18,1.0,1.8421052631578947,174,-55.06507873535156,3,3.0,1|2|3,
1770084050,1,train,19,4.0,1.95,266,-55.23350524902344,3,3.0,1|2|3,
1770084084,1,train,20,2.0,1.9523809523809523,220,-52.870704650878906,3,3.0,0|1|2|3,
1770084107,1,train,21,0.0,1.8636363636363635,147,-55.335426330566406,3,3.0,0|1|2,
1770084128,1,train,22,0.0,1.7826086956521738,132,-55.02653503417969,3,3.0,0|1|2,
1770084148,1,train,23,0.0,1.7083333333333333,131,-56.03286361694336,3,3.0,0|1|2,
1770084171,1,train,24,0.0,1.64,145,-55.45908737182617,3,3.0,0|1|2,
1770084203,1,train,25,2.0,1.6538461538461537,207,-55.560646057128906,3,3.0,0|1|2,
1770084236,1,train,26,2.0,1.6666666666666667,205,-55.40660858154297,3,3.0,0|1|2,
1770084271,1,train,27,2.0,1.6785714285714286,221,-56.41566848754883,3,3.0,0|1|2,
1770084295,1,train,28,1.0,1.6551724137931034,153,-62.07282257080078,3,3.0,1,
1770084330,1,train,29,3.0,1.7,226,-61.53940963745117,3,3.0,1,
1770084359,1,train,30,2.0,1.7096774193548387,183,-60.040069580078125,3,3.0,1|3,
1770084398,1,train,31,3.0,1.75,250,-57.22349166870117,3,3.0,1|3,
1770084419,1,train,32,0.0,1.696969696969697,136,-54.90386962890625,3,3.0,1|2|3,
1770084463,1,train,33,4.0,1.7647058823529411,280,-56.314823150634766,3,3.0,1|2|3,
1770084489,1,train,34,1.0,1.7428571428571429,166,-52.657676696777344,3,3.0,0|1|3,
1770084511,1,train,35,0.0,1.6944444444444444,141,-51.82692337036133,3,3.0,0|1|2|3,
1770084543,1,train,36,2.0,1.7027027027027026,200,-51.92902374267578,3,3.0,0|1|2|3,
1770084576,1,train,37,2.0,1.7105263157894737,210,-53.164894104003906,3,3.0,0|1|2|3,
1770084615,1,train,38,4.0,1.7692307692307692,249,-56.883182525634766,3,3.0,1|2|3,
1770084656,1,train,39,4.0,1.825,263,-58.572509765625,3,3.0,0|1|3,
1770084690,1,train,40,3.0,1.853658536585366,218,-58.797183990478516,3,3.0,1|3,
1770084725,1,train,41,3.0,1.880952380952381,224,-61.45298385620117,3,3.0,0|1|3,
1770084767,1,train,42,4.0,1.930232558139535,268,-57.56996154785156,3,3.0,1|3,
1770084803,1,train,43,3.0,1.9545454545454546,225,-57.20686721801758,3,3.0,0|1|3,
1770084826,1,train,44,1.0,1.9333333333333333,151,-58.19488525390625,3,3.0,0|1|3,
1770084846,1,train,45,0.0,1.891304347826087,129,-57.6456298828125,3,3.0,0|1|3,
1770084886,1,train,46,4.0,1.9361702127659575,251,-55.59130859375,3,3.0,0|1|3,
1770084906,1,train,47,0.0,1.8958333333333333,127,-55.646297454833984,3,3.0,1|2|3,
1770084943,1,train,48,3.0,1.9183673469387754,242,-55.077842712402344,3,3.0,1|2|3,
1770084984,1,train,49,4.0,1.96,259,-57.14365768432617,3,3.0,0|1|3,
1770085026,1,train,50,4.0,2.0,269,-55.81269454956055,3,3.0,1|3,
1770085062,1,train,51,3.0,2.019230769230769,224,-53.739532470703125,3,3.0,0|1|3,
1770085085,1,train,52,0.0,1.9811320754716981,147,-52.064144134521484,3,3.0,0|1|2|3,
1770085107,1,train,53,0.0,1.9444444444444444,140,-52.188209533691406,3,3.0,0|1|2|3,
1770085141,1,train,54,2.0,1.9454545454545455,217,-51.7877311706543,3,3.0,0|1|2|3,
1770085161,1,train,55,0.0,1.9107142857142858,133,-51.68309783935547,3,3.0,0|1|2|3,
1770085203,1,train,56,3.0,1.9298245614035088,263,-51.821983337402344,3,3.0,0|1|2|3,
1770085232,1,train,57,1.0,1.9137931034482758,187,-49.843589782714844,3,3.0,0|1|2|3,
1770085257,1,train,58,1.0,1.8983050847457628,160,-51.270626068115234,3,3.0,0|1|2|3,
1770085283,1,train,59,1.0,1.8833333333333333,164,-53.90744400024414,3,3.0,0|1|2|3,
1770085330,1,train,60,5.0,1.9344262295081966,300,-55.57908630371094,3,3.0,0|1|3,
1770085372,1,train,61,4.0,1.967741935483871,263,-55.90304946899414,3,3.0,0|1|3,
1770085399,1,train,62,1.0,1.9523809523809523,176,-52.66020584106445,3,3.0,1|2|3,
1770085443,1,train,63,4.0,1.984375,279,-52.183860778808594,3,3.0,0|1|2|3,
1770085467,1,train,64,0.0,1.9538461538461538,151,-51.29169845581055,3,3.0,0|1|2|3,
1770085499,1,train,65,2.0,1.9545454545454546,206,-52.61082077026367,3,3.0,0|1|2|3,
1770085528,1,train,66,2.0,1.955223880597015,185,-52.38447189331055,3,3.0,0|1|2|3,
1770085549,1,train,67,0.0,1.9264705882352942,134,-51.17070770263672,3,3.0,0|1|2|3,
1770085570,1,train,68,0.0,1.8985507246376812,137,-51.442626953125,3,3.0,0|1|2|3,
1770085595,1,train,69,0.0,1.8714285714285714,157,-52.084346771240234,3,3.0,0|1|2|3,
1770085632,1,train,70,3.0,1.8873239436619718,237,-54.98004913330078,3,3.0,0|1|2|3,
1770085675,1,train,71,4.0,1.9166666666666667,272,-57.256099700927734,3,3.0,0|1|3,
1770085710,1,train,72,3.0,1.9315068493150684,226,-57.822410583496094,3,3.0,0|1|3,
1770085748,1,train,73,4.0,1.9594594594594594,245,-60.04340362548828,3,3.0,1|3,
1770085783,1,train,74,3.0,1.9733333333333334,221,-57.45305252075195,3,3.0,1|3,
1770085823,1,train,75,4.0,2.0,253,-58.48574447631836,3,3.0,0|1|3,
1770085853,1,train,76,2.0,2.0,190,-60.00816345214844,3,3.0,1|3,
1770085882,1,train,77,2.0,2.0,186,-62.22733688354492,3,3.0,1|3,
1770085922,1,train,78,4.0,2.0253164556962027,256,-61.307987213134766,3,3.0,1|3,
1770085954,1,train,79,2.0,2.025,202,-60.14505386352539,3,3.0,1,
1770085983,1,train,80,2.0,2.0246913580246915,186,-57.40321350097656,3,3.0,0|1|3,
1770086023,1,train,81,4.0,2.048780487804878,258,-57.358177185058594,3,3.0,0|1|3,
1770086057,1,train,82,3.0,2.0602409638554215,214,-58.15109634399414,3,3.0,0|1|3,
1770086104,1,train,83,5.0,2.0952380952380953,299,-57.57856750488281,3,3.0,0|1|3,
1770086139,1,train,84,3.0,2.1058823529411765,225,-56.95918273925781,3,3.0,0|1|3,
1770086176,1,train,85,3.0,2.116279069767442,234,-57.15921401977539,3,3.0,0|1|3,
1770086215,1,train,86,4.0,2.1379310344827585,251,-60.0015754699707,3,3.0,0|1|3,
1770086270,1,train,87,6.0,2.1818181818181817,346,-61.087059020996094,3,3.0,1|3,
1770086313,1,train,88,5.0,2.2134831460674156,274,-57.07112121582031,3,3.0,1|3,
1770086342,1,train,89,2.0,2.2111111111111112,189,-57.33488082885742,3,3.0,0|1|3,
1770086383,1,train,90,4.0,2.230769230769231,262,-58.3992919921875,3,3.0,0|1|3,
1770086423,1,train,91,4.0,2.25,255,-56.937950134277344,3,3.0,0|1|3,
1770086457,1,train,92,3.0,2.2580645161290325,216,-57.56960678100586,3,3.0,0|1|3,
1770086497,1,train,93,4.0,2.276595744680851,252,-57.70264434814453,3,3.0,0|1|3,
1770086543,1,train,94,5.0,2.305263157894737,290,-57.58941650390625,3,3.0,0|1|3,
1770086582,1,train,95,4.0,2.3229166666666665,253,-58.32694625854492,3,3.0,0|1|3,
1770086628,1,train,96,5.0,2.350515463917526,295,-58.545387268066406,3,3.0,1|3,
1770086662,1,train,97,3.0,2.357142857142857,215,-57.59788513183594,3,3.0,0|1|3,
1770086729,1,train,98,8.0,2.414141414141414,421,-57.200782775878906,3,3.0,0|1|3,
1770086762,1,train,99,3.0,2.42,215,-58.273651123046875,3,3.0,0|1|3,
1770086762,1,train_cycle_avg,-1,2.42,2.42,214,-55.7532666015625,-1,,,1.7445916427634292
1770086780,1,test,0,1.0,1.0,154,-57.388553619384766,3,3.0,0|1|3,
1770086812,1,test,1,5.0,3.0,274,-57.200927734375,3,3.0,0|1|3,
1770086841,1,test,2,4.0,3.3333333333333335,250,-57.32612991333008,3,3.0,0|1|3,
1770086867,1,test,3,3.0,3.25,222,-57.152061462402344,3,3.0,0|1|3,
1770086885,1,test,4,1.0,2.8,157,-56.92185592651367,3,3.0,0|1|3,
1770086915,1,test,5,4.0,3.0,258,-57.340576171875,3,3.0,0|1|3,
1770086945,1,test,6,4.0,3.142857142857143,254,-57.64195251464844,3,3.0,0|1|3,
1770086980,1,test,7,5.0,3.375,305,-57.063232421875,3,3.0,0|1|3,
1770087006,1,test,8,3.0,3.3333333333333335,217,-57.276695251464844,3,3.0,0|1|3,
1770087031,1,test,9,3.0,3.3,219,-57.31181335449219,3,3.0,0|1|3,
1770087059,1,test,10,3.0,3.272727272727273,234,-57.05900573730469,3,3.0,0|1|3,
1770087088,1,test,11,4.0,3.3333333333333335,251,-57.187095642089844,3,3.0,0|1|3,
1770087117,1,test,12,4.0,3.3846153846153846,255,-57.19401550292969,3,3.0,0|1|3,
1770087149,1,test,13,5.0,3.5,274,-57.27477264404297,3,3.0,0|1|3,
1770087184,1,test,14,4.0,3.533333333333333,293,-57.18867874145508,3,3.0,0|1|3,
1770087209,1,test,15,3.0,3.5,216,-57.41240692138672,3,3.0,0|1|3,
1770087241,1,test,16,4.0,3.5294117647058822,275,-57.41147232055664,3,3.0,0|1|3,
1770087267,1,test,17,3.0,3.5,222,-57.17141342163086,3,3.0,0|1|3,
1770087292,1,test,18,3.0,3.473684210526316,214,-57.08964920043945,3,3.0,0|1|3,
1770087325,1,test,19,5.0,3.55,281,-57.1198844909668,3,3.0,0|1|3,
1770087358,1,test,20,5.0,3.619047619047619,287,-57.571434020996094,3,3.0,0|1|3,
1770087392,1,test,21,5.0,3.6818181818181817,286,-57.4864501953125,3,3.0,0|1|3,
1770087423,1,test,22,5.0,3.739130434782609,275,-57.3227653503418,3,3.0,0|1|3,
1770087453,1,test,23,4.0,3.75,256,-57.226417541503906,3,3.0,0|1|3,
1770087487,1,test,24,5.0,3.8,288,-57.27595138549805,3,3.0,0|1|3,
1770087516,1,test,25,4.0,3.8076923076923075,247,-57.33637237548828,3,3.0,0|1|3,
1770087557,1,test,26,6.0,3.888888888888889,358,-57.321250915527344,3,3.0,0|1|3,
1770087587,1,test,27,4.0,3.892857142857143,258,-57.10411834716797,3,3.0,0|1|3,
1770087627,1,test,28,6.0,3.9655172413793105,342,-56.975242614746094,3,3.0,0|1|3,
1770087653,1,test,29,3.0,3.933333333333333,224,-57.29609298706055,3,3.0,0|1|3,
1770087682,1,test,30,4.0,3.935483870967742,252,-56.88887405395508,3,3.0,0|1|3,
1770087714,1,test,31,4.0,3.9375,272,-57.46754455566406,3,3.0,0|1|3,
1770087740,1,test,32,3.0,3.909090909090909,222,-57.096412658691406,3,3.0,0|1|3,
1770087771,1,test,33,4.0,3.911764705882353,267,-57.302425384521484,3,3.0,0|1|3,
1770087801,1,test,34,4.0,3.914285714285714,258,-57.214088439941406,3,3.0,0|1|3,
1770087832,1,test,35,4.0,3.9166666666666665,265,-57.23058319091797,3,3.0,0|1|3,
1770087870,1,test,36,6.0,3.972972972972973,327,-57.29520034790039,3,3.0,0|1|3,
1770087896,1,test,37,3.0,3.9473684210526314,222,-57.179832458496094,3,3.0,0|1|3,
1770087926,1,test,38,4.0,3.948717948717949,260,-57.1676025390625,3,3.0,0|1|3,
1770087955,1,test,39,4.0,3.95,252,-57.0370979309082,3,3.0,0|1|3,
1770087976,1,test,40,2.0,3.902439024390244,184,-56.5562858581543,3,3.0,0|1|3,
1770088002,1,test,41,3.0,3.880952380952381,219,-56.96457290649414,3,3.0,0|1|3,
1770088029,1,test,42,3.0,3.86046511627907,226,-57.23908233642578,3,3.0,0|1|3,
1770088054,1,test,43,3.0,3.840909090909091,220,-57.016075134277344,3,3.0,0|1|3,
1770088081,1,test,44,3.0,3.8222222222222224,230,-57.33317947387695,3,3.0,0|1|3,
1770088111,1,test,45,4.0,3.8260869565217392,257,-57.31681823730469,3,3.0,0|1|3,
1770088141,1,test,46,4.0,3.8297872340425534,262,-57.21481704711914,3,3.0,0|1|3,
1770088167,1,test,47,3.0,3.8125,217,-57.44941329956055,3,3.0,0|1|3,
1770088195,1,test,48,4.0,3.816326530612245,246,-57.05644226074219,3,3.0,0|1|3,
1770088228,1,test,49,5.0,3.84,285,-56.89099884033203,3,3.0,0|1|3,
1770088260,1,test,50,5.0,3.8627450980392157,270,-57.215065002441406,3,3.0,0|1|3,
1770088289,1,test,51,4.0,3.8653846153846154,252,-57.273712158203125,3,3.0,0|1|3,
1770088312,1,test,52,2.0,3.830188679245283,192,-56.684303283691406,3,3.0,0|1|3,
1770088344,1,test,53,5.0,3.8518518518518516,277,-57.30907440185547,3,3.0,0|1|3,
1770088370,1,test,54,3.0,3.8363636363636364,228,-57.24161148071289,3,3.0,0|1|3,
1770088400,1,test,55,4.0,3.8392857142857144,253,-57.06739044189453,3,3.0,0|1|3,
1770088425,1,test,56,3.0,3.824561403508772,215,-56.95937728881836,3,3.0,0|1|3,
1770088451,1,test,57,3.0,3.810344827586207,223,-57.37716293334961,3,3.0,0|1|3,
1770088492,1,test,58,6.0,3.847457627118644,360,-57.13387680053711,3,3.0,0|1|3,
1770088518,1,test,59,3.0,3.8333333333333335,220,-57.182952880859375,3,3.0,0|1|3,
1770088549,1,test,60,4.0,3.8360655737704916,265,-57.03004837036133,3,3.0,0|1|3,
1770088571,1,test,61,2.0,3.806451612903226,193,-57.14759063720703,3,3.0,0|1|3,
1770088601,1,test,62,4.0,3.8095238095238093,256,-57.30848693847656,3,3.0,0|1|3,
1770088619,1,test,63,1.0,3.765625,157,-57.04585266113281,3,3.0,0|1|3,
1770088649,1,test,64,4.0,3.769230769230769,254,-57.06536102294922,3,3.0,0|1|3,
1770088671,1,test,65,2.0,3.742424242424242,189,-57.52925109863281,3,3.0,0|1|3,
1770088703,1,test,66,5.0,3.7611940298507465,280,-57.23546600341797,3,3.0,0|1|3,
1770088736,1,test,67,5.0,3.7794117647058822,279,-57.53201675415039,3,3.0,0|1|3,
1770088763,1,test,68,3.0,3.7681159420289854,235,-57.155357360839844,3,3.0,0|1|3,
1770088792,1,test,69,4.0,3.7714285714285714,250,-57.324153900146484,3,3.0,0|1|3,
1770088820,1,test,70,3.0,3.76056338028169,240,-57.40576934814453,3,3.0,0|1|3,
1770088846,1,test,71,3.0,3.75,221,-57.1700439453125,3,3.0,0|1|3,
1770088872,1,test,72,3.0,3.73972602739726,227,-57.034786224365234,3,3.0,0|1|3,
1770088903,1,test,73,4.0,3.7432432432432434,264,-57.19084167480469,3,3.0,0|1|3,
1770088942,1,test,74,5.0,3.76,333,-57.05184555053711,3,3.0,0|1|3,
1770088973,1,test,75,4.0,3.763157894736842,262,-57.281978607177734,3,3.0,0|1|3,
1770089003,1,test,76,4.0,3.7662337662337664,262,-57.22251510620117,3,3.0,0|1|3,
1770089029,1,test,77,3.0,3.7564102564102564,219,-57.03041076660156,3,3.0,0|1|3,
1770089058,1,test,78,4.0,3.759493670886076,249,-56.92539978027344,3,3.0,0|1|3,
1770089089,1,test,79,4.0,3.7625,265,-57.08393478393555,3,3.0,0|1|3,
1770089114,1,test,80,3.0,3.753086419753086,217,-57.187564849853516,3,3.0,0|1|3,
1770089136,1,test,81,2.0,3.731707317073171,188,-57.42795944213867,3,3.0,0|1|3,
1770089158,1,test,82,2.0,3.710843373493976,188,-57.07048034667969,3,3.0,0|1|3,
1770089183,1,test,83,3.0,3.7023809523809526,218,-57.1123046875,3,3.0,0|1|3,
1770089209,1,test,84,3.0,3.6941176470588237,221,-57.240135192871094,3,3.0,0|1|3,
1770089240,1,test,85,4.0,3.697674418604651,265,-57.488372802734375,3,3.0,0|1|3,
1770089274,1,test,86,5.0,3.7126436781609193,292,-57.34599304199219,3,3.0,0|1|3,
1770089301,1,test,87,3.0,3.7045454545454546,231,-57.33823776245117,3,3.0,0|1|3,
1770089327,1,test,88,3.0,3.696629213483146,223,-57.53784942626953,3,3.0,0|1|3,
1770089362,1,test,89,5.0,3.7111111111111112,298,-57.19184875488281,3,3.0,0|1|3,
1770089393,1,test,90,4.0,3.7142857142857144,268,-57.007286071777344,3,3.0,0|1|3,
1770089419,1,test,91,3.0,3.7065217391304346,220,-57.0847053527832,3,3.0,0|1|3,
1770089450,1,test,92,4.0,3.7096774193548385,269,-57.14815139770508,3,3.0,0|1|3,
1770089482,1,test,93,4.0,3.7127659574468086,271,-57.14193344116211,3,3.0,0|1|3,
1770089511,1,test,94,4.0,3.7157894736842105,253,-57.13616943359375,3,3.0,0|1|3,
1770089537,1,test,95,3.0,3.7083333333333335,221,-57.10682678222656,3,3.0,0|1|3,
1770089564,1,test,96,3.0,3.7010309278350517,232,-57.11623001098633,3,3.0,0|1|3,
1770089598,1,test,97,4.0,3.704081632653061,295,-57.26838302612305,3,3.0,0|1|3,
1770089624,1,test,98,3.0,3.696969696969697,226,-56.97538757324219,3,3.0,0|1|3,
1770089655,1,test,99,4.0,3.7,267,-57.17396926879883,3,3.0,0|1|3,
1770089655,1,test_cycle_avg,-1,3.7,3.7,248,-57.19881061553955,-1,,,1.03440804327886
1770089688,2,train,0,3.0,3.0,212,-59.818172454833984,3,3.0,1|3,
1770089727,2,train,1,4.0,3.5,250,-57.31394958496094,3,3.0,1|3,
1770089786,2,train,2,7.0,4.666666666666667,375,-56.6954460144043,3,3.0,0|1|3,
1770089821,2,train,3,3.0,4.25,222,-56.18048858642578,3,3.0,0|1|3,
1770089860,2,train,4,4.0,4.2,250,-57.32253646850586,3,3.0,0|1|3,
1770089913,2,train,5,6.0,4.5,343,-58.074440002441406,3,3.0,0|1|3,
1770089942,2,train,6,2.0,4.142857142857143,185,-58.15409469604492,3,3.0,0|1|3,
1770089971,2,train,7,2.0,3.875,188,-58.03354263305664,3,3.0,1|3,
1770090006,2,train,8,3.0,3.7777777777777777,220,-57.81712341308594,3,3.0,0|1|3,
1770090050,2,train,9,5.0,3.9,284,-56.796356201171875,3,3.0,0|1|3,
1770090098,2,train,10,5.0,4.0,304,-57.04536056518555,3,3.0,0|1|3,
1770090132,2,train,11,3.0,3.9166666666666665,218,-58.496971130371094,3,3.0,0|1|3,
1770090177,2,train,12,5.0,4.0,291,-57.93485641479492,3,3.0,0|1|3,
1770090223,2,train,13,5.0,4.071428571428571,294,-57.656211853027344,3,3.0,0|1|3,
1770090257,2,train,14,3.0,4.0,217,-56.52130126953125,3,3.0,0|1|3,
1770090303,2,train,15,5.0,4.0625,292,-57.8067626953125,3,3.0,0|1|3,
1770090332,2,train,16,2.0,3.9411764705882355,187,-57.50789260864258,3,3.0,0|1|3,
1770090372,2,train,17,4.0,3.9444444444444446,251,-57.89215087890625,3,3.0,0|1|3,
1770090418,2,train,18,5.0,4.0,299,-57.4322395324707,3,3.0,0|1|3,
1770090452,2,train,19,3.0,3.95,213,-58.44669723510742,3,3.0,1|3,
1770090503,2,train,20,6.0,4.0476190476190474,333,-57.498477935791016,3,3.0,0|1|3,
1770090538,2,train,21,3.0,4.0,220,-57.00294876098633,3,3.0,0|1|3,
1770090583,2,train,22,5.0,4.043478260869565,286,-56.4691276550293,3,3.0,0|1|3,
1770090622,2,train,23,4.0,4.041666666666667,251,-56.55873489379883,3,3.0,0|1|3,
1770090656,2,train,24,3.0,4.0,220,-56.77218246459961,3,3.0,0|1|3,
1770090696,2,train,25,4.0,4.0,256,-56.7426643371582,3,3.0,0|1|3,
1770090726,2,train,26,2.0,3.925925925925926,188,-57.148319244384766,3,3.0,0|1|3,
1770090770,2,train,27,5.0,3.9642857142857144,284,-57.83118438720703,3,3.0,0|1|3,
1770090811,2,train,28,4.0,3.9655172413793105,260,-56.58040237426758,3,3.0,0|1,
1770090844,2,train,29,3.0,3.933333333333333,212,-59.51860809326172,3,3.0,0|1|3,
1770090887,2,train,30,5.0,3.967741935483871,275,-56.725860595703125,3,3.0,0|1|3,
1770090924,2,train,31,3.0,3.9375,231,-57.988311767578125,3,3.0,0|1,
1770090964,2,train,32,4.0,3.9393939393939394,258,-56.67835235595703,3,3.0,0|1|3,
1770090988,2,train,33,1.0,3.8529411764705883,150,-56.74055862426758,3,3.0,0|1|3,
1770091017,2,train,34,2.0,3.8,188,-57.18354415893555,3,3.0,0|1|3,
1770091059,2,train,35,5.0,3.8333333333333335,269,-57.39557647705078,3,3.0,0|1|3,
1770091100,2,train,36,4.0,3.8378378378378377,264,-60.10354232788086,3,3.0,0|1|3,
1770091130,2,train,37,2.0,3.789473684210526,191,-61.303619384765625,3,3.0,0|1,
1770091180,2,train,38,5.0,3.8205128205128207,314,-57.08942413330078,3,3.0,0|1,
1770091223,2,train,39,5.0,3.85,276,-57.77466583251953,3,3.0,0|1|3,
1770091257,2,train,40,3.0,3.8292682926829267,219,-61.610137939453125,3,3.0,0|1|3,
1770091276,2,train,41,0.0,3.738095238095238,122,-64.32328033447266,3,3.0,1,
1770091300,2,train,42,1.0,3.6744186046511627,153,-64.08306121826172,3,3.0,1,
1770091319,2,train,43,0.0,3.590909090909091,122,-61.898372650146484,3,3.0,1|3,
1770091358,2,train,44,4.0,3.6,248,-60.818416595458984,3,3.0,1|3,
1770091391,2,train,45,3.0,3.5869565217391304,215,-60.602081298828125,3,3.0,1|3,
1770091439,2,train,46,5.0,3.617021276595745,304,-58.24424743652344,3,3.0,1|3,
1770091486,2,train,47,5.0,3.6458333333333335,299,-56.843017578125,3,3.0,0|1|3,
1770091521,2,train,48,3.0,3.63265306122449,221,-58.72788619995117,3,3.0,0|1|3,
1770091549,2,train,49,2.0,3.6,182,-61.15980911254883,3,3.0,1|3,
1770091568,2,train,50,0.0,3.5294117647058822,122,-61.739471435546875,3,3.0,0|1,
1770091592,2,train,51,1.0,3.480769230769231,153,-61.747901916503906,3,3.0,0|1,
1770091611,2,train,52,0.0,3.4150943396226414,125,-62.13753128051758,3,3.0,0|1,
1770091632,2,train,53,0.0,3.3518518518518516,131,-61.86972427368164,3,3.0,0|1,
1770091651,2,train,54,0.0,3.290909090909091,126,-61.4615592956543,3,3.0,0|1,
1770091680,2,train,55,2.0,3.267857142857143,181,-60.08649826049805,3,3.0,0|1,
1770091726,2,train,56,5.0,3.2982456140350878,300,-57.72892761230469,3,3.0,0|1|3,
1770091756,2,train,57,2.0,3.2758620689655173,191,-56.75078582763672,3,3.0,0|1|3,
1770091797,2,train,58,4.0,3.288135593220339,258,-56.734107971191406,3,3.0,0|1|3,
1770091827,2,train,59,2.0,3.2666666666666666,190,-57.80656051635742,3,3.0,0|1|3,
1770091867,2,train,60,4.0,3.278688524590164,256,-57.32205581665039,3,3.0,0|1|3,
1770091903,2,train,61,3.0,3.274193548387097,232,-57.48748016357422,3,3.0,0|1|3,
1770091943,2,train,62,4.0,3.2857142857142856,256,-58.251487731933594,3,3.0,0|1|3,
1770091981,2,train,63,4.0,3.296875,247,-56.81521224975586,3,3.0,0|1|3,
1770092016,2,train,64,3.0,3.292307692307692,222,-57.0362663269043,3,3.0,0|1|3,
1770092057,2,train,65,4.0,3.303030303030303,260,-57.225154876708984,3,3.0,0|1|3,
1770092092,2,train,66,3.0,3.298507462686567,227,-58.21445083618164,3,3.0,1|3,
1770092113,2,train,67,0.0,3.25,134,-57.59201431274414,3,3.0,0|1,
1770092148,2,train,68,3.0,3.246376811594203,222,-57.54677963256836,3,3.0,0|1,
1770092173,2,train,69,1.0,3.2142857142857144,159,-58.312904357910156,3,3.0,0|1|3,
1770092226,2,train,70,6.0,3.2535211267605635,338,-57.57593536376953,3,3.0,0|1|3,
1770092255,2,train,71,2.0,3.236111111111111,186,-57.62659454345703,3,3.0,0|1|3,
1770092295,2,train,72,4.0,3.2465753424657535,256,-57.486175537109375,3,3.0,0|1|3,
1770092336,2,train,73,4.0,3.2567567567567566,265,-57.069236755371094,3,3.0,1|3,
1770092370,2,train,74,3.0,3.2533333333333334,216,-57.32134246826172,3,3.0,0|1|3,
1770092410,2,train,75,4.0,3.263157894736842,254,-57.219078063964844,3,3.0,0|1|3,
1770092454,2,train,76,5.0,3.2857142857142856,283,-58.985904693603516,3,3.0,0|1|3,
1770092494,2,train,77,4.0,3.2948717948717947,256,-57.20052719116211,3,3.0,0|1|3,
1770092528,2,train,78,3.0,3.2911392405063293,217,-56.698673248291016,3,3.0,0|1|3,
1770092568,2,train,79,4.0,3.3,252,-59.54412078857422,3,3.0,0|1|3,
1770092606,2,train,80,4.0,3.308641975308642,245,-57.299652099609375,3,3.0,0|1|3,
1770092658,2,train,81,6.0,3.341463414634146,331,-57.78712844848633,3,3.0,0|1|3,
1770092693,2,train,82,3.0,3.3373493975903616,226,-57.52802658081055,3,3.0,0|1|3,
1770092732,2,train,83,4.0,3.3452380952380953,250,-58.116764068603516,3,3.0,1|3,
1770092774,2,train,84,4.0,3.3529411764705883,268,-56.877655029296875,3,3.0,0|1|3,
1770092811,2,train,85,3.0,3.3488372093023258,232,-57.322425842285156,3,3.0,0|1|3,
1770092870,2,train,86,7.0,3.3908045977011496,378,-58.60285186767578,3,3.0,0|1|3,
1770092904,2,train,87,3.0,3.3863636363636362,218,-58.635746002197266,3,3.0,1|3,
1770092945,2,train,88,4.0,3.393258426966292,261,-59.10857391357422,3,3.0,1|3,
1770092987,2,train,89,4.0,3.4,266,-57.15574264526367,3,3.0,0|1|3,
1770093022,2,train,90,3.0,3.3956043956043955,225,-57.01437759399414,3,3.0,0|1|3,
1770093053,2,train,91,2.0,3.380434782608696,200,-57.375450134277344,3,3.0,0|1|3,
1770093086,2,train,92,3.0,3.3763440860215055,213,-57.68330001831055,3,3.0,0|1|3,
1770093121,2,train,93,3.0,3.372340425531915,219,-57.96650695800781,3,3.0,0|1|3,
1770093150,2,train,94,2.0,3.357894736842105,189,-58.49480056762695,3,3.0,0|1|3,
1770093205,2,train,95,6.0,3.3854166666666665,350,-57.11455535888672,3,3.0,0|1|3,
1770093251,2,train,96,5.0,3.402061855670103,296,-56.71131896972656,3,3.0,0|1|3,
1770093291,2,train,97,4.0,3.4081632653061225,250,-57.618465423583984,3,3.0,1|3,
1770093331,2,train,98,4.0,3.414141414141414,256,-57.0667610168457,3,3.0,1|3,
1770093372,2,train,99,4.0,3.42,264,-57.171173095703125,3,3.0,0|1|3,
1770093372,2,train_cycle_avg,-1,3.42,3.42,238,-58.156087493896486,-1,,,1.569585932658674
1770093399,2,test,0,3.0,3.0,233,-57.243019104003906,3,3.0,0|1|3,
1770093432,2,test,1,5.0,4.0,285,-56.90806579589844,3,3.0,0|1|3,
1770093454,2,test,2,2.0,3.3333333333333335,185,-57.14427185058594,3,3.0,0|1|3,
1770093484,2,test,3,4.0,3.5,257,-56.74618148803711,3,3.0,0|1|3,
1770093514,2,test,4,4.0,3.6,257,-56.8836669921875,3,3.0,0|1|3,
1770093541,2,test,5,3.0,3.5,237,-56.98883819580078,3,3.0,0|1|3,
1770093564,2,test,6,2.0,3.2857142857142856,196,-56.64177322387695,3,3.0,0|1|3,
1770093595,2,test,7,4.0,3.375,266,-56.894737243652344,3,3.0,0|1|3,
1770093621,2,test,8,3.0,3.3333333333333335,225,-56.93079376220703,3,3.0,0|1|3,
1770093656,2,test,9,5.0,3.5,296,-57.07359313964844,3,3.0,0|1|3,
1770093689,2,test,10,5.0,3.6363636363636362,284,-56.79017639160156,3,3.0,0|1|3,
1770093720,2,test,11,5.0,3.75,270,-57.07535934448242,3,3.0,0|1|3,
1770093749,2,test,12,4.0,3.769230769230769,252,-57.00485610961914,3,3.0,0|1|3,
1770093781,2,test,13,4.0,3.7857142857142856,271,-57.25409698486328,3,3.0,0|1|3,
1770093818,2,test,14,5.0,3.8666666666666667,318,-56.84035873413086,3,3.0,0|1|3,
1770093853,2,test,15,5.0,3.9375,305,-57.0899772644043,3,3.0,0|1|3,
1770093879,2,test,16,3.0,3.8823529411764706,225,-56.66245651245117,3,3.0,0|1|3,
1770093912,2,test,17,5.0,3.9444444444444446,277,-56.86551284790039,3,3.0,0|1|3,
1770093942,2,test,18,4.0,3.9473684210526314,260,-56.711883544921875,3,3.0,0|1|3,
1770093971,2,test,19,4.0,3.95,248,-57.13968276977539,3,3.0,0|1|3,
1770094001,2,test,20,4.0,3.9523809523809526,260,-57.13884735107422,3,3.0,0|1|3,
1770094026,2,test,21,3.0,3.909090909090909,219,-57.107398986816406,3,3.0,0|1|3,
1770094061,2,test,22,5.0,3.9565217391304346,298,-56.84337615966797,3,3.0,0|1|3,
1770094092,2,test,23,4.0,3.9583333333333335,264,-57.15565490722656,3,3.0,0|1|3,
1770094137,2,test,24,7.0,4.08,391,-57.273887634277344,3,3.0,0|1|3,
1770094163,2,test,25,3.0,4.038461538461538,217,-56.587608337402344,3,3.0,0|1|3,
1770094194,2,test,26,4.0,4.037037037037037,269,-57.046775817871094,3,3.0,0|1|3,
1770094228,2,test,27,5.0,4.071428571428571,292,-57.29084777832031,3,3.0,0|1|3,
1770094260,2,test,28,5.0,4.103448275862069,274,-56.739261627197266,3,3.0,0|1|3,
1770094290,2,test,29,4.0,4.1,254,-56.819400787353516,3,3.0,0|1|3,
1770094315,2,test,30,3.0,4.064516129032258,215,-57.378662109375,3,3.0,0|1|3,
1770094336,2,test,31,2.0,4.0,186,-56.307647705078125,3,3.0,0|1|3,
1770094367,2,test,32,4.0,4.0,262,-57.14979934692383,3,3.0,0|1|3,
1770094396,2,test,33,4.0,4.0,251,-56.76559829711914,3,3.0,0|1|3,
1770094432,2,test,34,5.0,4.0285714285714285,313,-57.09210205078125,3,3.0,0|1|3,
1770094463,2,test,35,4.0,4.027777777777778,258,-57.1329460144043,3,3.0,0|1|3,
1770094489,2,test,36,3.0,4.0,231,-56.506771087646484,3,3.0,0|1|3,
1770094519,2,test,37,4.0,4.0,259,-57.09709548950195,3,3.0,0|1|3,
1770094555,2,test,38,5.0,4.0256410256410255,307,-56.884586334228516,3,3.0,0|1|3,
1770094585,2,test,39,4.0,4.025,261,-57.11752700805664,3,3.0,0|1|3,
1770094635,2,test,40,7.0,4.097560975609756,426,-57.10647201538086,3,3.0,0|1|3,
1770094660,2,test,41,3.0,4.071428571428571,219,-57.36439514160156,3,3.0,0|1|3,
1770094689,2,test,42,4.0,4.069767441860465,248,-57.064605712890625,3,3.0,0|1|3,
1770094722,2,test,43,4.0,4.068181818181818,282,-56.81251907348633,3,3.0,0|1|3,
1770094747,2,test,44,3.0,4.044444444444444,215,-57.27632141113281,3,3.0,0|1|3,
1770094777,2,test,45,4.0,4.043478260869565,259,-57.172035217285156,3,3.0,0|1|3,
1770094810,2,test,46,5.0,4.0638297872340425,280,-57.126651763916016,3,3.0,0|1|3,
1770094837,2,test,47,3.0,4.041666666666667,229,-57.582984924316406,3,3.0,0|1|3,
1770094870,2,test,48,5.0,4.061224489795919,289,-57.123260498046875,3,3.0,0|1|3,
1770094899,2,test,49,4.0,4.06,251,-57.287391662597656,3,3.0,0|1|3,
1770094925,2,test,50,3.0,4.03921568627451,223,-56.983558654785156,3,3.0,0|1|3,
1770094955,2,test,51,4.0,4.038461538461538,254,-56.96391677856445,3,3.0,0|1|3,
1770094985,2,test,52,4.0,4.037735849056604,262,-57.42134475708008,3,3.0,0|1|3,
1770095020,2,test,53,5.0,4.055555555555555,298,-57.102684020996094,3,3.0,0|1|3,
1770095042,2,test,54,2.0,4.0181818181818185,191,-57.321041107177734,3,3.0,0|1|3,
1770095077,2,test,55,5.0,4.035714285714286,296,-57.59341812133789,3,3.0,0|1|3,
1770095107,2,test,56,4.0,4.035087719298246,257,-57.310340881347656,3,3.0,0|1|3,
1770095134,2,test,57,3.0,4.017241379310345,232,-56.953582763671875,3,3.0,0|1|3,
1770095163,2,test,58,4.0,4.016949152542373,250,-57.34523010253906,3,3.0,0|1|3,
1770095192,2,test,59,4.0,4.016666666666667,255,-56.935970306396484,3,3.0,0|1|3,
1770095226,2,test,60,5.0,4.032786885245901,287,-57.1889533996582,3,3.0,0|1|3,
1770095256,2,test,61,4.0,4.032258064516129,259,-57.24817657470703,3,3.0,0|1|3,
1770095289,2,test,62,5.0,4.0476190476190474,289,-56.66412353515625,3,3.0,0|1|3,
1770095321,2,test,63,4.0,4.046875,268,-57.015159606933594,3,3.0,0|1|3,
1770095347,2,test,64,3.0,4.030769230769231,226,-56.71076202392578,3,3.0,0|1|3,
1770095386,2,test,65,6.0,4.0606060606060606,333,-57.13105010986328,3,3.0,0|1|3,
1770095415,2,test,66,4.0,4.059701492537314,253,-56.99364471435547,3,3.0,0|1|3,
1770095444,2,test,67,4.0,4.0588235294117645,249,-57.21015167236328,3,3.0,0|1|3,
1770095469,2,test,68,3.0,4.043478260869565,218,-56.897300720214844,3,3.0,0|1|3,
1770095498,2,test,69,4.0,4.042857142857143,251,-56.84767532348633,3,3.0,0|1|3,
1770095528,2,test,70,4.0,4.042253521126761,257,-56.80770492553711,3,3.0,0|1|3,
1770095569,2,test,71,6.0,4.069444444444445,349,-57.129310607910156,3,3.0,0|1|3,
1770095603,2,test,72,5.0,4.082191780821918,290,-57.31730651855469,3,3.0,0|1|3,
1770095633,2,test,73,4.0,4.081081081081081,256,-57.09651184082031,3,3.0,0|1|3,
1770095677,2,test,74,7.0,4.12,378,-57.001304626464844,3,3.0,0|1|3,
1770095703,2,test,75,3.0,4.105263157894737,226,-56.84660339355469,3,3.0,0|1|3,
1770095733,2,test,76,4.0,4.103896103896104,260,-56.79750442504883,3,3.0,0|1|3,
1770095767,2,test,77,5.0,4.115384615384615,292,-56.822998046875,3,3.0,0|1|3,
1770095802,2,test,78,5.0,4.1265822784810124,298,-57.21400833129883,3,3.0,0|1|3,
1770095836,2,test,79,5.0,4.1375,296,-57.3912239074707,3,3.0,0|1|3,
1770095862,2,test,80,3.0,4.1234567901234565,225,-56.72985076904297,3,3.0,0|1|3,
1770095903,2,test,81,6.0,4.146341463414634,346,-56.754295349121094,3,3.0,0|1|3,
1770095935,2,test,82,5.0,4.156626506024097,277,-57.11020278930664,3,3.0,0|1|3,
1770095965,2,test,83,4.0,4.154761904761905,262,-57.1630973815918,3,3.0,0|1|3,
1770095998,2,test,84,4.0,4.152941176470589,276,-57.296241760253906,3,3.0,0|1|3,
1770096022,2,test,85,3.0,4.1395348837209305,213,-56.84818649291992,3,3.0,0|1|3,
1770096044,2,test,86,2.0,4.114942528735632,185,-57.09348678588867,3,3.0,0|1|3,
1770096073,2,test,87,4.0,4.113636363636363,251,-56.79875564575195,3,3.0,0|1|3,
1770096105,2,test,88,4.0,4.112359550561798,270,-57.017513275146484,3,3.0,0|1|3,
1770096144,2,test,89,6.0,4.133333333333334,343,-57.14382553100586,3,3.0,0|1|3,
1770096174,2,test,90,4.0,4.131868131868132,258,-56.64462661743164,3,3.0,0|1|3,
1770096204,2,test,91,4.0,4.130434782608695,256,-56.951202392578125,3,3.0,0|1|3,
1770096237,2,test,92,5.0,4.139784946236559,282,-57.100189208984375,3,3.0,0|1|3,
1770096264,2,test,93,3.0,4.127659574468085,231,-57.20357131958008,3,3.0,0|1|3,
1770096293,2,test,94,4.0,4.126315789473685,248,-57.067142486572266,3,3.0,0|1|3,
1770096323,2,test,95,4.0,4.125,260,-57.31882858276367,3,3.0,0|1|3,
1770096354,2,test,96,4.0,4.123711340206185,265,-57.015533447265625,3,3.0,0|1|3,
1770096389,2,test,97,5.0,4.13265306122449,299,-57.02262496948242,3,3.0,0|1|3,
1770096420,2,test,98,4.0,4.1313131313131315,267,-56.868595123291016,3,3.0,0|1|3,
1770096450,2,test,99,4.0,4.13,259,-56.86032485961914,3,3.0,0|1|3,
1770096450,2,test_cycle_avg,-1,4.13,4.13,265,-57.02512390136719,-1,,,1.0262066068779718
1770096490,3,train,0,4.0,4.0,255,-57.30611801147461,3,3.0,0|1|3,
1770096534,3,train,1,5.0,4.5,285,-58.43773651123047,3,3.0,0|1|3,
1770096573,3,train,2,4.0,4.333333333333333,247,-60.652835845947266,3,3.0,1|3,
1770096618,3,train,3,5.0,4.5,288,-58.06199645996094,3,3.0,1|3,
1770096653,3,train,4,3.0,4.2,225,-57.35095977783203,3,3.0,0|1|3,
1770096689,3,train,5,3.0,4.0,231,-57.290199279785156,3,3.0,0|1|3,
1770096729,3,train,6,4.0,4.0,253,-57.87440872192383,3,3.0,0|1|3,
1770096758,3,train,7,2.0,3.75,190,-57.56764602661133,3,3.0,0|1|3,
1770096795,3,train,8,3.0,3.6666666666666665,233,-57.05854034423828,3,3.0,0|1|3,
1770096824,3,train,9,2.0,3.5,186,-56.55363082885742,3,3.0,0|1|3,
1770096848,3,train,10,1.0,3.272727272727273,152,-57.37237548828125,3,3.0,0|1|3,
1770096888,3,train,11,4.0,3.3333333333333335,255,-58.198638916015625,3,3.0,0|1|3,
1770096933,3,train,12,5.0,3.4615384615384617,286,-57.04936218261719,3,3.0,0|1|3,
1770096972,3,train,13,4.0,3.5,252,-58.40348815917969,3,3.0,0|1|3,
1770097005,3,train,14,3.0,3.466666666666667,213,-58.3497200012207,3,3.0,1|3,
1770097025,3,train,15,0.0,3.25,127,-59.1197624206543,3,3.0,0|1,
1770097049,3,train,16,1.0,3.1176470588235294,155,-59.81991958618164,3,3.0,0|1,
1770097073,3,train,17,1.0,3.0,152,-59.41105270385742,3,3.0,0|1,
1770097093,3,train,18,0.0,2.8421052631578947,127,-59.477203369140625,3,3.0,0|1,
1770097123,3,train,19,2.0,2.8,191,-59.60773468017578,3,3.0,0|1,
1770097150,3,train,20,1.0,2.7142857142857144,174,-59.83402633666992,3,3.0,0|1,
1770097174,3,train,21,1.0,2.6363636363636362,154,-60.11610412597656,3,3.0,0|1,
1770097198,3,train,22,1.0,2.5652173913043477,153,-58.327857971191406,3,3.0,0|1,
1770097238,3,train,23,4.0,2.625,254,-56.788856506347656,3,3.0,0|1|3,
1770097281,3,train,24,5.0,2.72,275,-58.050357818603516,3,3.0,0|1|3,
1770097317,3,train,25,3.0,2.730769230769231,236,-56.35322189331055,3,3.0,0|1|3,
1770097372,3,train,26,6.0,2.8518518518518516,351,-57.19569778442383,3,3.0,0|1|3,
1770097411,3,train,27,4.0,2.892857142857143,252,-55.891883850097656,3,3.0,0|1|3,
1770097446,3,train,28,3.0,2.896551724137931,224,-57.23102569580078,3,3.0,0|1|3,
1770097494,3,train,29,5.0,2.966666666666667,304,-58.25617599487305,3,3.0,0|1|3,
1770097522,3,train,30,2.0,2.935483870967742,183,-58.70198059082031,3,3.0,0|1|3,
1770097551,3,train,31,2.0,2.90625,186,-58.354454040527344,3,3.0,0|1|3,
1770097586,3,train,32,3.0,2.909090909090909,223,-56.82661437988281,3,3.0,0|1|3,
1770097628,3,train,33,4.0,2.9411764705882355,269,-57.25464630126953,3,3.0,0|1|3,
1770097664,3,train,34,3.0,2.942857142857143,226,-57.2713623046875,3,3.0,0|1|3,
1770097697,3,train,35,3.0,2.9444444444444446,213,-57.87648010253906,3,3.0,0|1|3,
1770097737,3,train,36,4.0,2.972972972972973,252,-61.22877502441406,3,3.0,1|3,
1770097776,3,train,37,4.0,3.0,253,-60.489402770996094,3,3.0,1|3,
1770097809,3,train,38,3.0,3.0,215,-58.833377838134766,3,3.0,1|3,
1770097837,3,train,39,1.0,2.95,173,-56.87923049926758,3,3.0,0|1|3,
1770097872,3,train,40,3.0,2.951219512195122,224,-58.58182907104492,3,3.0,0|1|3,
1770097905,3,train,41,3.0,2.9523809523809526,214,-57.38157653808594,3,3.0,0|1|3,
1770097952,3,train,42,5.0,3.0,301,-57.37004852294922,3,3.0,0|1|3,
1770097976,3,train,43,1.0,2.9545454545454546,155,-57.0423469543457,3,3.0,0|1|3,
1770098011,3,train,44,3.0,2.9555555555555557,222,-58.59961700439453,3,3.0,1|3,
1770098051,3,train,45,4.0,2.9782608695652173,255,-56.956783294677734,3,3.0,0|1|3,
1770098084,3,train,46,3.0,2.978723404255319,214,-57.28441619873047,3,3.0,0|1|3,
1770098123,3,train,47,4.0,3.0,245,-57.3319091796875,3,3.0,0|1|3,
1770098157,3,train,48,3.0,3.0,223,-56.92977523803711,3,3.0,0|1|3,
1770098197,3,train,49,4.0,3.02,251,-57.97607421875,3,3.0,0|1|3,
1770098231,3,train,50,3.0,3.019607843137255,220,-58.09782409667969,3,3.0,1|3,
1770098271,3,train,51,4.0,3.0384615384615383,257,-57.370243072509766,3,3.0,0|1|3,
1770098324,3,train,52,6.0,3.0943396226415096,339,-57.65314865112305,3,3.0,0|1|3,
1770098373,3,train,53,5.0,3.1296296296296298,310,-57.365234375,3,3.0,0|1|3,
1770098421,3,train,54,4.0,3.1454545454545455,308,-56.629432678222656,3,3.0,0|1|3,
1770098456,3,train,55,3.0,3.142857142857143,223,-58.38410186767578,3,3.0,0|1|3,
1770098498,3,train,56,4.0,3.1578947368421053,267,-56.158935546875,3,3.0,0|1|3,
1770098532,3,train,57,3.0,3.1551724137931036,217,-58.58456802368164,3,3.0,0|1|3,
1770098575,3,train,58,5.0,3.1864406779661016,278,-57.66437911987305,3,3.0,0|1|3,
1770098621,3,train,59,5.0,3.216666666666667,293,-60.319000244140625,3,3.0,0|1|3,
1770098660,3,train,60,4.0,3.2295081967213113,250,-60.10723114013672,3,3.0,0|1,
1770098680,3,train,61,0.0,3.1774193548387095,129,-59.859039306640625,3,3.0,0|1,
1770098700,3,train,62,0.0,3.126984126984127,125,-59.741661071777344,3,3.0,0|1,
1770098719,3,train,63,0.0,3.078125,123,-60.15217971801758,3,3.0,0|1,
1770098738,3,train,64,0.0,3.0307692307692307,124,-60.26519012451172,3,3.0,0|1,
1770098762,3,train,65,1.0,3.0,154,-59.34199142456055,3,3.0,0|1,
1770098805,3,train,66,5.0,3.029850746268657,275,-57.73136520385742,3,3.0,0|1|3,
1770098835,3,train,67,2.0,3.014705882352941,191,-57.59847640991211,3,3.0,0|1|3,
1770098860,3,train,68,1.0,2.9855072463768115,158,-56.64122772216797,3,3.0,0|1|3,
1770098899,3,train,69,4.0,3.0,249,-57.611656188964844,3,3.0,0|1|3,
1770098933,3,train,70,3.0,3.0,218,-57.680545806884766,3,3.0,0|1|3,
1770098961,3,train,71,2.0,2.986111111111111,183,-58.018470764160156,3,3.0,0|1|3,
1770098996,3,train,72,3.0,2.9863013698630136,225,-58.0007209777832,3,3.0,0|1|3,
1770099038,3,train,73,4.0,3.0,265,-57.00579071044922,3,3.0,0|1|3,
1770099078,3,train,74,4.0,3.013333333333333,256,-56.55900955200195,3,3.0,0|1|3,
1770099113,3,train,75,3.0,3.013157894736842,226,-57.03843307495117,3,3.0,0|1|3,
1770099156,3,train,76,5.0,3.038961038961039,272,-57.78644943237305,3,3.0,0|1|3,
1770099195,3,train,77,4.0,3.051282051282051,249,-57.82300567626953,3,3.0,0|1|3,
1770099228,3,train,78,3.0,3.050632911392405,214,-57.70047378540039,3,3.0,0|1|3,
1770099247,3,train,79,0.0,3.0125,122,-59.330360412597656,3,3.0,1|3,
1770099286,3,train,80,4.0,3.0246913580246915,245,-58.73356246948242,3,3.0,1|3,
1770099311,3,train,81,1.0,3.0,160,-59.86863327026367,3,3.0,0|1,
1770099340,3,train,82,2.0,2.9879518072289155,186,-59.836700439453125,3,3.0,0|1,
1770099369,3,train,83,2.0,2.9761904761904763,187,-57.12533950805664,3,3.0,0|1|3,
1770099404,3,train,84,3.0,2.976470588235294,227,-57.50974655151367,3,3.0,0|1|3,
1770099438,3,train,85,3.0,2.9767441860465116,214,-57.21996307373047,3,3.0,0|1|3,
1770099478,3,train,86,4.0,2.9885057471264367,256,-57.277156829833984,3,3.0,0|1|3,
1770099522,3,train,87,5.0,3.0113636363636362,282,-57.73534393310547,3,3.0,0|1|3,
1770099557,3,train,88,3.0,3.0112359550561796,224,-57.64378356933594,3,3.0,0|1|3,
1770099600,3,train,89,5.0,3.033333333333333,270,-58.902305603027344,3,3.0,0|1|3,
1770099664,3,train,90,7.0,3.076923076923077,413,-57.027095794677734,3,3.0,0|1|3,
1770099712,3,train,91,5.0,3.097826086956522,302,-57.4707145690918,3,3.0,0|1|3,
1770099737,3,train,92,1.0,3.075268817204301,159,-56.50279998779297,3,3.0,0|1|3,
1770099758,3,train,93,0.0,3.0425531914893615,136,-59.58171844482422,3,3.0,0|1,
1770099800,3,train,94,4.0,3.0526315789473686,272,-57.944496154785156,3,3.0,0|1,
1770099834,3,train,95,3.0,3.0520833333333335,215,-57.429466247558594,3,3.0,0|1|3,
1770099873,3,train,96,4.0,3.0618556701030926,253,-57.54557418823242,3,3.0,0|1|3,
1770099904,3,train,97,2.0,3.0510204081632653,196,-57.54029846191406,3,3.0,0|1|3,
1770099940,3,train,98,3.0,3.0505050505050506,232,-59.20102310180664,3,3.0,0|1|3,
1770099984,3,train,99,5.0,3.07,279,-57.72476577758789,3,3.0,1|3,
1770099984,3,train_cycle_avg,-1,3.07,3.07,226,-58.06219871520996,-1,,,1.5764199947983406
1770100020,3,test,0,5.0,5.0,312,-57.21095657348633,3,3.0,0|1|3,
1770100045,3,test,1,3.0,4.0,214,-56.8603515625,3,3.0,0|1|3,
1770100070,3,test,2,3.0,3.6666666666666665,216,-56.5965690612793,3,3.0,0|1|3,
1770100101,3,test,3,4.0,3.75,261,-56.798248291015625,3,3.0,0|1|3,
1770100126,3,test,4,3.0,3.6,217,-56.72797775268555,3,3.0,0|1|3,
1770100147,3,test,5,2.0,3.3333333333333335,184,-57.167335510253906,3,3.0,0|1|3,
1770100181,3,test,6,5.0,3.5714285714285716,290,-56.941558837890625,3,3.0,0|1|3,
1770100200,3,test,7,1.0,3.25,160,-57.321895599365234,3,3.0,0|1|3,
1770100231,3,test,8,4.0,3.3333333333333335,267,-57.03768539428711,3,3.0,0|1|3,
1770100260,3,test,9,4.0,3.4,252,-56.93679428100586,3,3.0,0|1|3,
1770100290,3,test,10,4.0,3.4545454545454546,254,-56.775028228759766,3,3.0,0|1|3,
1770100320,3,test,11,4.0,3.5,260,-56.88862991333008,3,3.0,0|1|3,
1770100370,3,test,12,8.0,3.8461538461538463,423,-57.160152435302734,3,3.0,0|1|3,
1770100394,3,test,13,3.0,3.7857142857142856,214,-57.457183837890625,3,3.0,0|1|3,
1770100417,3,test,14,2.0,3.6666666666666665,195,-57.37734603881836,3,3.0,0|1|3,
1770100443,3,test,15,3.0,3.625,228,-57.1297492980957,3,3.0,0|1|3,
1770100473,3,test,16,4.0,3.6470588235294117,249,-57.16204833984375,3,3.0,0|1|3,
1770100507,3,test,17,5.0,3.7222222222222223,295,-56.90027618408203,3,3.0,0|1|3,
1770100536,3,test,18,4.0,3.736842105263158,255,-57.005069732666016,3,3.0,0|1|3,
1770100562,3,test,19,3.0,3.7,217,-56.65114212036133,3,3.0,0|1|3,
1770100588,3,test,20,3.0,3.6666666666666665,228,-56.71675491333008,3,3.0,0|1|3,
1770100617,3,test,21,4.0,3.6818181818181817,251,-57.38210678100586,3,3.0,0|1|3,
1770100643,3,test,22,3.0,3.652173913043478,220,-56.96564865112305,3,3.0,0|1|3,
1770100672,3,test,23,4.0,3.6666666666666665,252,-56.965152740478516,3,3.0,0|1|3,
1770100702,3,test,24,4.0,3.68,255,-57.15131378173828,3,3.0,0|1|3,
1770100723,3,test,25,2.0,3.6153846153846154,183,-56.9551887512207,3,3.0,0|1|3,
1770100763,3,test,26,6.0,3.7037037037037037,338,-56.90863800048828,3,3.0,0|1|3,
1770100785,3,test,27,2.0,3.642857142857143,191,-56.79392623901367,3,3.0,0|1|3,
1770100815,3,test,28,4.0,3.6551724137931036,257,-56.88039779663086,3,3.0,0|1|3,
1770100846,3,test,29,4.0,3.6666666666666665,266,-57.0201301574707,3,3.0,0|1|3,
1770100876,3,test,30,4.0,3.6774193548387095,264,-56.922306060791016,3,3.0,0|1|3,
1770100907,3,test,31,4.0,3.6875,266,-57.23210525512695,3,3.0,0|1|3,
1770100940,3,test,32,5.0,3.727272727272727,280,-57.08210372924805,3,3.0,0|1|3,
1770100969,3,test,33,4.0,3.735294117647059,249,-57.23660659790039,3,3.0,0|1|3,
1770100994,3,test,34,3.0,3.7142857142857144,219,-56.87239074707031,3,3.0,0|1|3,
1770101016,3,test,35,2.0,3.6666666666666665,186,-57.09717559814453,3,3.0,0|1|3,
1770101046,3,test,36,4.0,3.675675675675676,253,-56.66765213012695,3,3.0,0|1|3,
1770101071,3,test,37,3.0,3.6578947368421053,220,-56.970455169677734,3,3.0,0|1|3,
1770101101,3,test,38,4.0,3.6666666666666665,258,-57.615352630615234,3,3.0,0|1|3,
1770101133,3,test,39,5.0,3.7,274,-57.27711868286133,3,3.0,0|1|3,
1770101164,3,test,40,4.0,3.707317073170732,264,-56.90544509887695,3,3.0,0|1|3,
1770101194,3,test,41,4.0,3.7142857142857144,257,-56.924293518066406,3,3.0,0|1|3,
1770101234,3,test,42,6.0,3.7674418604651163,345,-57.08110809326172,3,3.0,0|1|3,
1770101256,3,test,43,2.0,3.727272727272727,194,-57.09110641479492,3,3.0,0|1|3,
1770101285,3,test,44,4.0,3.7333333333333334,248,-57.192867279052734,3,3.0,0|1|3,
1770101318,3,test,45,5.0,3.760869565217391,280,-57.19746398925781,3,3.0,0|1|3,
1770101343,3,test,46,3.0,3.74468085106383,214,-56.94296646118164,3,3.0,0|1|3,
1770101374,3,test,47,4.0,3.75,270,-56.982574462890625,3,3.0,0|1|3,
1770101404,3,test,48,4.0,3.7551020408163267,253,-57.18751907348633,3,3.0,0|1|3,
1770101430,3,test,49,3.0,3.74,228,-56.820404052734375,3,3.0,0|1|3,
1770101455,3,test,50,3.0,3.7254901960784315,215,-57.29191970825195,3,3.0,0|1|3,
1770101482,3,test,51,3.0,3.7115384615384617,236,-56.959861755371094,3,3.0,0|1|3,
1770101508,3,test,52,3.0,3.69811320754717,217,-57.00860595703125,3,3.0,0|1|3,
1770101533,3,test,53,3.0,3.685185185185185,216,-57.18143081665039,3,3.0,0|1|3,
1770101558,3,test,54,3.0,3.672727272727273,217,-57.176353454589844,3,3.0,0|1|3,
1770101588,3,test,55,4.0,3.6785714285714284,257,-57.0489387512207,3,3.0,0|1|3,
1770101621,3,test,56,5.0,3.7017543859649122,281,-57.11209487915039,3,3.0,0|1|3,
1770101646,3,test,57,3.0,3.689655172413793,217,-57.007625579833984,3,3.0,0|1|3,
1770101678,3,test,58,4.0,3.694915254237288,278,-57.22816848754883,3,3.0,0|1|3,
1770101708,3,test,59,4.0,3.7,255,-57.031646728515625,3,3.0,0|1|3,
1770101734,3,test,60,3.0,3.6885245901639343,222,-57.06830596923828,3,3.0,0|1|3,
1770101766,3,test,61,5.0,3.7096774193548385,278,-56.97919464111328,3,3.0,0|1|3,
1770101799,3,test,62,5.0,3.7301587301587302,280,-57.460365295410156,3,3.0,0|1|3,
1770101834,3,test,63,5.0,3.75,306,-57.080081939697266,3,3.0,0|1|3,
1770101865,3,test,64,4.0,3.753846153846154,264,-56.9682731628418,3,3.0,0|1|3,
1770101891,3,test,65,3.0,3.742424242424242,222,-56.83823776245117,3,3.0,0|1|3,
1770101921,3,test,66,4.0,3.746268656716418,257,-57.220855712890625,3,3.0,0|1|3,
1770101950,3,test,67,4.0,3.75,253,-56.99698257446289,3,3.0,0|1|3,
1770101977,3,test,68,3.0,3.739130434782609,226,-57.29236602783203,3,3.0,0|1|3,
1770102007,3,test,69,4.0,3.742857142857143,260,-56.9915657043457,3,3.0,0|1|3,
1770102040,3,test,70,5.0,3.76056338028169,283,-57.17335510253906,3,3.0,0|1|3,
1770102073,3,test,71,5.0,3.7777777777777777,286,-56.808837890625,3,3.0,0|1|3,
1770102099,3,test,72,3.0,3.767123287671233,219,-56.97231674194336,3,3.0,0|1|3,
1770102122,3,test,73,2.0,3.7432432432432434,199,-56.67932891845703,3,3.0,0|1|3,
1770102154,3,test,74,5.0,3.76,279,-57.362796783447266,3,3.0,0|1|3,
1770102188,3,test,75,5.0,3.776315789473684,294,-56.9329833984375,3,3.0,0|1|3,
1770102218,3,test,76,4.0,3.779220779220779,252,-56.794677734375,3,3.0,0|1|3,
1770102262,3,test,77,6.0,3.8076923076923075,384,-57.32262420654297,3,3.0,0|1|3,
1770102291,3,test,78,4.0,3.810126582278481,248,-56.78369903564453,3,3.0,0|1|3,
1770102326,3,test,79,5.0,3.825,300,-56.80550003051758,3,3.0,0|1|3,
1770102348,3,test,80,2.0,3.802469135802469,186,-57.258277893066406,3,3.0,0|1|3,
1770102377,3,test,81,4.0,3.8048780487804876,255,-56.95115280151367,3,3.0,0|1|3,
1770102400,3,test,82,2.0,3.783132530120482,195,-57.233062744140625,3,3.0,0|1|3,
1770102430,3,test,83,4.0,3.7857142857142856,257,-57.02867889404297,3,3.0,0|1|3,
1770102460,3,test,84,4.0,3.788235294117647,258,-56.68319320678711,3,3.0,0|1|3,
1770102501,3,test,85,6.0,3.813953488372093,348,-57.142173767089844,3,3.0,0|1|3,
1770102527,3,test,86,3.0,3.8045977011494254,227,-56.97041320800781,3,3.0,0|1|3,
1770102560,3,test,87,5.0,3.8181818181818183,287,-57.327186584472656,3,3.0,0|1|3,
1770102583,3,test,88,2.0,3.797752808988764,195,-56.733646392822266,3,3.0,0|1|3,
1770102612,3,test,89,4.0,3.8,249,-56.94002151489258,3,3.0,0|1|3,
1770102641,3,test,90,4.0,3.802197802197802,249,-56.958641052246094,3,3.0,0|1|3,
1770102671,3,test,91,4.0,3.8043478260869565,258,-57.26409912109375,3,3.0,0|1|3,
1770102699,3,test,92,4.0,3.806451612903226,246,-57.211830139160156,3,3.0,0|1|3,
1770102728,3,test,93,4.0,3.8085106382978724,248,-57.25947570800781,3,3.0,0|1|3,
1770102758,3,test,94,4.0,3.8105263157894735,258,-56.73283004760742,3,3.0,0|1|3,
1770102787,3,test,95,4.0,3.8125,250,-57.00037384033203,3,3.0,0|1|3,
1770102820,3,test,96,5.0,3.8247422680412373,282,-57.17229080200195,3,3.0,0|1|3,
1770102849,3,test,97,4.0,3.826530612244898,249,-57.17573165893555,3,3.0,0|1|3,
1770102878,3,test,98,4.0,3.8282828282828283,250,-57.093875885009766,3,3.0,0|1|3,
1770102907,3,test,99,4.0,3.83,249,-56.944828033447266,3,3.0,0|1|3,
1770102907,3,test_cycle_avg,-1,3.83,3.83,251,-57.038050498962406,-1,,,1.0867842472174503
