timestamp,cycle,mode,episode_in_mode,total_reward,steps,v_out_mean
1768404558,1,train,0,1.0,157,-51.04844284057617
1768404583,1,train,1,0.0,165,-53.28318786621094
1768404622,1,train,2,3.0,247,-58.4229621887207
1768404653,1,train,3,2.0,203,-60.90779495239258
1768404684,1,train,4,2.0,199,-61.456451416015625
1768404718,1,train,5,2.0,217,-63.48434829711914
1768404751,1,train,6,2.0,216,-63.94529342651367
1768404791,1,train,7,3.0,259,-63.709228515625
1768404821,1,train,8,2.0,197,-61.215065002441406
1768404852,1,train,9,2.0,197,-60.1777229309082
1768404890,1,train,10,3.0,246,-60.694705963134766
1768404929,1,train,11,2.0,254,-64.50482940673828
1768404960,1,train,12,2.0,204,-64.18035888671875
1768405000,1,train,13,3.0,254,-62.84400939941406
1768405038,1,train,14,3.0,248,-62.34096145629883
1768405076,1,train,15,3.0,246,-62.126800537109375
1768405096,1,train,16,0.0,130,-61.98003005981445
1768405127,1,train,17,2.0,199,-62.00249481201172
1768405161,1,train,18,2.0,222,-62.74751281738281
1768405192,1,train,19,2.0,206,-63.38899230957031
1768405223,1,train,20,2.0,199,-62.72154998779297
1768405254,1,train,21,2.0,200,-61.3263053894043
1768405286,1,train,22,2.0,208,-60.807247161865234
1768405325,1,train,23,3.0,254,-61.547515869140625
1768405363,1,train,24,3.0,246,-62.212867736816406
1768405401,1,train,25,3.0,247,-63.41704559326172
1768405432,1,train,26,2.0,201,-62.50904846191406
1768405464,1,train,27,2.0,205,-62.41252899169922
1768405502,1,train,28,3.0,247,-62.96221160888672
1768405541,1,train,29,3.0,247,-62.20014190673828
1768405579,1,train,30,3.0,251,-62.10380554199219
1768405610,1,train,31,2.0,198,-62.58809280395508
1768405631,1,train,32,0.0,135,-60.884159088134766
1768405669,1,train,33,3.0,245,-62.05900955200195
1768405707,1,train,34,3.0,246,-62.74590301513672
1768405739,1,train,35,2.0,207,-63.668914794921875
1768405769,1,train,36,2.0,198,-61.46465301513672
1768405800,1,train,37,2.0,198,-60.533111572265625
1768405831,1,train,38,2.0,199,-61.34154510498047
1768405862,1,train,39,2.0,199,-61.885189056396484
1768405892,1,train,40,2.0,198,-62.77787399291992
1768405924,1,train,41,2.0,203,-64.5226058959961
1768405954,1,train,42,0.0,195,-65.66677856445312
1768405979,1,train,43,0.0,162,-65.54147338867188
1768406001,1,train,44,0.0,146,-65.33332824707031
1768406023,1,train,45,0.0,143,-65.73926544189453
1768406045,1,train,46,0.0,138,-65.64936828613281
1768406065,1,train,47,0.0,132,-65.80488586425781
1768406098,1,train,48,2.0,215,-65.6802978515625
1768406119,1,train,49,0.0,137,-65.54423522949219
1768406143,1,train,50,0.0,154,-65.45824432373047
1768406168,1,train,51,0.0,159,-65.71671295166016
1768406192,1,train,52,0.0,159,-65.7702865600586
1768406216,1,train,53,0.0,156,-65.7164306640625
1768406242,1,train,54,0.0,167,-65.77324676513672
1768406268,1,train,55,0.0,168,-65.78013610839844
1768406291,1,train,56,0.0,148,-65.6513671875
1768406325,1,train,57,2.0,221,-65.62535858154297
1768406365,1,train,58,3.0,255,-62.93934631347656
1768406396,1,train,59,2.0,201,-62.420284271240234
1768406429,1,train,60,2.0,213,-62.64750671386719
1768406448,1,train,61,0.0,127,-63.144142150878906
1768406487,1,train,62,3.0,249,-62.76325225830078
1768406525,1,train,63,3.0,248,-62.69355392456055
1768406561,1,train,64,2.0,230,-64.96522521972656
1768406597,1,train,65,2.0,235,-64.26837921142578
1768406635,1,train,66,3.0,247,-61.56333923339844
1768406656,1,train,67,0.0,135,-62.945186614990234
1768406677,1,train,68,0.0,134,-63.23515319824219
1768406707,1,train,69,2.0,197,-62.585697174072266
1768406740,1,train,70,2.0,209,-63.23808670043945
1768406773,1,train,71,2.0,213,-64.62183380126953
1768406813,1,train,72,3.0,259,-63.748016357421875
1768406844,1,train,73,2.0,203,-63.79624557495117
1768406866,1,train,74,0.0,139,-64.64634704589844
1768406889,1,train,75,0.0,152,-64.67518615722656
1768406921,1,train,76,2.0,208,-64.16687774658203
1768406952,1,train,77,2.0,199,-62.70494842529297
1768406984,1,train,78,2.0,203,-63.2236442565918
1768407015,1,train,79,2.0,201,-63.6513557434082
1768407054,1,train,80,3.0,253,-62.38966369628906
1768407085,1,train,81,2.0,200,-61.87263107299805
1768407115,1,train,82,2.0,198,-62.48656463623047
1768407153,1,train,83,3.0,247,-62.40025329589844
1768407185,1,train,84,2.0,201,-62.37640380859375
1768407223,1,train,85,3.0,246,-62.74822998046875
1768407246,1,train,86,0.0,148,-64.45584106445312
1768407278,1,train,87,2.0,213,-64.33699035644531
1768407311,1,train,88,2.0,211,-64.90516662597656
1768407352,1,train,89,3.0,269,-65.53174591064453
1768407388,1,train,90,2.0,228,-65.25454711914062
1768407410,1,train,91,0.0,146,-65.08007049560547
1768407434,1,train,92,0.0,152,-64.79318237304688
1768407468,1,train,93,2.0,220,-64.68219757080078
1768407489,1,train,94,0.0,138,-64.33110809326172
1768407514,1,train,95,0.0,159,-64.46451568603516
1768407552,1,train,96,3.0,251,-62.81096267700195
1768407583,1,train,97,2.0,199,-61.46492385864258
1768407616,1,train,98,2.0,212,-62.532005310058594
1768407655,1,train,99,3.0,252,-62.793453216552734
1768407655,1,train_cycle_avg,-1,1.7,202,-63.09958000183106
1768407678,1,test,0,2.0,201,-62.09522247314453
1768407702,1,test,1,2.0,200,-62.37606430053711
1768407725,1,test,2,2.0,202,-62.78251266479492
1768407754,1,test,3,3.0,245,-62.39735794067383
1768407783,1,test,4,3.0,249,-62.391014099121094
1768407807,1,test,5,2.0,203,-62.47224044799805
1768407830,1,test,6,2.0,203,-62.53915023803711
1768407854,1,test,7,2.0,203,-62.49637985229492
1768407877,1,test,8,2.0,199,-62.354068756103516
1768407901,1,test,9,2.0,202,-62.35160827636719
1768407929,1,test,10,3.0,246,-62.69611358642578
1768407954,1,test,11,2.0,208,-62.543968200683594
1768407983,1,test,12,3.0,251,-62.5380744934082
1768408007,1,test,13,2.0,206,-62.562644958496094
1768408036,1,test,14,3.0,247,-62.536800384521484
1768408059,1,test,15,2.0,198,-62.591983795166016
1768408083,1,test,16,2.0,206,-62.3541145324707
1768408106,1,test,17,2.0,197,-62.19104766845703
1768408129,1,test,18,2.0,199,-62.38455581665039
1768408152,1,test,19,2.0,200,-62.62896728515625
1768408176,1,test,20,2.0,205,-62.167572021484375
1768408199,1,test,21,2.0,197,-62.5724983215332
1768408222,1,test,22,2.0,203,-62.178096771240234
1768408251,1,test,23,3.0,245,-62.276092529296875
1768408275,1,test,24,2.0,203,-62.293670654296875
1768408298,1,test,25,2.0,197,-62.235328674316406
1768408313,1,test,26,0.0,133,-62.27332305908203
1768408337,1,test,27,2.0,202,-62.418312072753906
1768408351,1,test,28,0.0,128,-62.305477142333984
1768408381,1,test,29,3.0,249,-62.24497985839844
1768408409,1,test,30,3.0,245,-62.71940994262695
1768408438,1,test,31,3.0,248,-62.47987747192383
1768408468,1,test,32,3.0,252,-62.54981231689453
1768408491,1,test,33,2.0,200,-62.340614318847656
1768408514,1,test,34,2.0,202,-62.60600280761719
1768408538,1,test,35,2.0,208,-62.50069808959961
1768408567,1,test,36,3.0,246,-62.48760223388672
1768408590,1,test,37,2.0,201,-62.31202697753906
1768408614,1,test,38,2.0,201,-62.58852005004883
1768408637,1,test,39,2.0,201,-62.63631820678711
1768408660,1,test,40,2.0,199,-62.49087142944336
1768408675,1,test,41,0.0,130,-62.38578796386719
1768408699,1,test,42,2.0,201,-62.5158576965332
1768408722,1,test,43,2.0,198,-62.646583557128906
1768408745,1,test,44,2.0,200,-62.586631774902344
1768408768,1,test,45,2.0,199,-62.384395599365234
1768408792,1,test,46,2.0,202,-62.61835479736328
1768408820,1,test,47,3.0,248,-62.236602783203125
1768408844,1,test,48,2.0,201,-62.2105827331543
1768408867,1,test,49,2.0,202,-62.701053619384766
1768408891,1,test,50,2.0,201,-62.53500747680664
1768408914,1,test,51,2.0,199,-62.34191131591797
1768408938,1,test,52,2.0,207,-62.541221618652344
1768408961,1,test,53,2.0,198,-62.24808883666992
1768408984,1,test,54,2.0,199,-62.45864486694336
1768409007,1,test,55,2.0,202,-62.39231491088867
1768409037,1,test,56,3.0,254,-62.321388244628906
1768409060,1,test,57,2.0,199,-62.383934020996094
1768409084,1,test,58,2.0,205,-62.53487777709961
1768409108,1,test,59,2.0,202,-62.42486572265625
1768409131,1,test,60,2.0,202,-62.31646728515625
1768409154,1,test,61,2.0,202,-62.42943572998047
1768409183,1,test,62,3.0,246,-62.59040832519531
1768409206,1,test,63,2.0,198,-62.427024841308594
1768409235,1,test,64,3.0,247,-62.55779266357422
1768409258,1,test,65,2.0,203,-62.76973342895508
1768409283,1,test,66,2.0,210,-62.201412200927734
1768409312,1,test,67,3.0,249,-62.48509979248047
1768409341,1,test,68,3.0,247,-62.82741928100586
1768409356,1,test,69,0.0,132,-62.602596282958984
1768409379,1,test,70,2.0,203,-62.34669876098633
1768409403,1,test,71,2.0,202,-62.43218994140625
1768409427,1,test,72,2.0,204,-62.49224090576172
1768409450,1,test,73,2.0,201,-62.41147994995117
1768409479,1,test,74,3.0,248,-62.4027099609375
1768409502,1,test,75,2.0,197,-62.69357681274414
1768409526,1,test,76,2.0,207,-62.48200607299805
1768409549,1,test,77,2.0,201,-62.60799789428711
1768409579,1,test,78,3.0,256,-62.499053955078125
1768409608,1,test,79,3.0,252,-62.36412811279297
1768409631,1,test,80,2.0,200,-62.50161361694336
1768409655,1,test,81,2.0,205,-62.32664489746094
1768409678,1,test,82,2.0,200,-62.256099700927734
1768409702,1,test,83,2.0,200,-62.4453010559082
1768409725,1,test,84,2.0,202,-62.33076858520508
1768409749,1,test,85,2.0,201,-62.61604309082031
1768409777,1,test,86,3.0,248,-62.48435974121094
1768409806,1,test,87,3.0,247,-62.369441986083984
1768409829,1,test,88,2.0,197,-62.33517837524414
1768409852,1,test,89,2.0,201,-62.49642562866211
1768409882,1,test,90,3.0,250,-62.27555465698242
1768409905,1,test,91,2.0,202,-62.310401916503906
1768409934,1,test,92,3.0,249,-62.47359085083008
1768409957,1,test,93,2.0,201,-62.13399124145508
1768409986,1,test,94,3.0,251,-62.43855667114258
1768410009,1,test,95,2.0,198,-62.27975845336914
1768410032,1,test,96,2.0,198,-62.52430725097656
1768410056,1,test,97,2.0,203,-62.33251190185547
1768410080,1,test,98,2.0,208,-62.314842224121094
1768410103,1,test,99,2.0,197,-62.556819915771484
1768410103,1,test_cycle_avg,-1,2.17,210,-62.44170783996582
1768410142,2,train,0,3.0,251,-63.09014892578125
1768410173,2,train,1,2.0,205,-62.50828170776367
1768410205,2,train,2,2.0,206,-63.06317901611328
1768410237,2,train,3,2.0,204,-62.871925354003906
1768410268,2,train,4,2.0,202,-61.4372444152832
1768410288,2,train,5,0.0,128,-61.217384338378906
1768410326,2,train,6,3.0,250,-61.555389404296875
1768410365,2,train,7,3.0,253,-63.4381217956543
1768410397,2,train,8,2.0,207,-63.18129348754883
1768410428,2,train,9,2.0,200,-61.99596405029297
1768410466,2,train,10,3.0,250,-62.9822998046875
1768410504,2,train,11,3.0,246,-62.05585861206055
1768410543,2,train,12,3.0,248,-61.98619842529297
1768410574,2,train,13,2.0,203,-62.64104080200195
1768410604,2,train,14,2.0,199,-62.344078063964844
1768410643,2,train,15,3.0,248,-62.27565383911133
1768410676,2,train,16,2.0,218,-64.14818572998047
1768410707,2,train,17,2.0,200,-63.02334976196289
1768410746,2,train,18,3.0,249,-62.79149627685547
1768410783,2,train,19,3.0,246,-62.57865905761719
1768410815,2,train,20,2.0,208,-62.48099899291992
1768410846,2,train,21,2.0,200,-61.55738830566406
1768410867,2,train,22,0.0,136,-62.3998908996582
1768410898,2,train,23,2.0,200,-62.0565185546875
1768410929,2,train,24,2.0,204,-62.72482681274414
1768410964,2,train,25,2.0,227,-63.751277923583984
1768411004,2,train,26,0.0,255,-64.1775894165039
1768411033,2,train,27,0.0,190,-64.26807403564453
1768411054,2,train,28,0.0,135,-64.27667236328125
1768411089,2,train,29,0.0,230,-64.22447967529297
1768411116,2,train,30,0.0,169,-64.2044677734375
1768411144,2,train,31,0.0,184,-63.997764587402344
1768411175,2,train,32,0.0,200,-64.1413345336914
1768411212,2,train,33,2.0,244,-64.74297332763672
1768411243,2,train,34,2.0,200,-63.80826950073242
1768411282,2,train,35,3.0,251,-62.47684860229492
1768411313,2,train,36,2.0,199,-62.46354293823242
1768411352,2,train,37,3.0,252,-62.87704849243164
1768411382,2,train,38,2.0,198,-61.24349594116211
1768411413,2,train,39,2.0,200,-62.127254486083984
1768411451,2,train,40,3.0,246,-62.230499267578125
1768411482,2,train,41,2.0,199,-62.27946472167969
1768411513,2,train,42,2.0,201,-62.16880416870117
1768411544,2,train,43,2.0,201,-61.779266357421875
1768411564,2,train,44,0.0,129,-62.3283805847168
1768411595,2,train,45,2.0,200,-62.51860809326172
1768411626,2,train,46,2.0,199,-63.18809127807617
1768411657,2,train,47,2.0,202,-62.18636703491211
1768411687,2,train,48,2.0,200,-63.37259292602539
1768411719,2,train,49,2.0,206,-62.97814178466797
1768411752,2,train,50,2.0,209,-62.05545425415039
1768411791,2,train,51,3.0,255,-63.889251708984375
1768411813,2,train,52,0.0,146,-64.06180572509766
1768411834,2,train,53,0.0,135,-64.20203399658203
1768411854,2,train,54,0.0,129,-64.04258728027344
1768411887,2,train,55,2.0,215,-63.57483673095703
1768411925,2,train,56,3.0,248,-62.96152114868164
1768411957,2,train,57,2.0,204,-63.233768463134766
1768411980,2,train,58,0.0,151,-65.17893981933594
1768412014,2,train,59,2.0,220,-64.49220275878906
1768412045,2,train,60,2.0,203,-63.58049392700195
1768412077,2,train,61,2.0,205,-61.85089111328125
1768412108,2,train,62,2.0,202,-62.26708984375
1768412146,2,train,63,3.0,246,-63.28461837768555
1768412177,2,train,64,2.0,198,-62.00702667236328
1768412207,2,train,65,2.0,199,-62.51752471923828
1768412238,2,train,66,2.0,200,-63.305274963378906
1768412270,2,train,67,2.0,207,-64.5250015258789
1768412291,2,train,68,0.0,137,-64.23722076416016
1768412313,2,train,69,0.0,140,-64.26879119873047
1768412345,2,train,70,2.0,207,-63.56281280517578
1768412377,2,train,71,2.0,208,-63.69111251831055
1768412417,2,train,72,3.0,261,-63.50318908691406
1768412450,2,train,73,2.0,215,-64.01566314697266
1768412476,2,train,74,0.0,168,-65.90787506103516
1768412498,2,train,75,0.0,142,-65.78404235839844
1768412521,2,train,76,0.0,150,-65.94502258300781
1768412542,2,train,77,0.0,138,-65.82152557373047
1768412563,2,train,78,0.0,132,-65.63764953613281
1768412595,2,train,79,2.0,207,-65.85780334472656
1768412628,2,train,80,2.0,213,-65.69477844238281
1768412660,2,train,81,2.0,210,-63.50096893310547
1768412700,2,train,82,3.0,257,-63.70878219604492
1768412720,2,train,83,0.0,136,-64.00700378417969
1768412754,2,train,84,2.0,216,-64.0677719116211
1768412793,2,train,85,3.0,252,-64.17964935302734
1768412815,2,train,86,0.0,148,-64.011474609375
1768412836,2,train,87,0.0,135,-64.38429260253906
1768412876,2,train,88,3.0,256,-63.12095260620117
1768412907,2,train,89,2.0,202,-62.5214958190918
1768412946,2,train,90,3.0,251,-62.94507598876953
1768412977,2,train,91,2.0,201,-64.22611999511719
1768413009,2,train,92,2.0,211,-62.89497756958008
1768413041,2,train,93,2.0,203,-61.76634216308594
1768413071,2,train,94,2.0,198,-62.7076530456543
1768413104,2,train,95,2.0,209,-63.32440185546875
1768413135,2,train,96,2.0,200,-63.3291130065918
1768413166,2,train,97,2.0,201,-62.289466857910156
1768413196,2,train,98,2.0,200,-62.16221237182617
1768413235,2,train,99,3.0,247,-62.51634979248047
1768413235,2,train_cycle_avg,-1,1.73,203,-63.26838600158691
1768413258,2,test,0,2.0,200,-62.29909896850586
1768413281,2,test,1,2.0,203,-62.000423431396484
1768413304,2,test,2,2.0,197,-62.37786865234375
1768413327,2,test,3,2.0,198,-61.997501373291016
1768413351,2,test,4,2.0,204,-62.29470443725586
1768413380,2,test,5,3.0,248,-62.30778121948242
1768413403,2,test,6,2.0,198,-62.104949951171875
1768413432,2,test,7,3.0,253,-62.28317642211914
1768413455,2,test,8,2.0,199,-62.23942947387695
1768413479,2,test,9,2.0,200,-62.20442581176758
1768413502,2,test,10,2.0,202,-62.0974006652832
1768413532,2,test,11,3.0,253,-62.218814849853516
1768413555,2,test,12,2.0,204,-62.278682708740234
1768413578,2,test,13,2.0,198,-62.28965759277344
1768413602,2,test,14,2.0,203,-62.55329895019531
1768413625,2,test,15,2.0,201,-62.01218795776367
1768413648,2,test,16,2.0,199,-62.35806655883789
1768413677,2,test,17,3.0,247,-62.038612365722656
1768413700,2,test,18,2.0,202,-62.18820571899414
1768413729,2,test,19,3.0,245,-62.031253814697266
1768413744,2,test,20,0.0,129,-62.081321716308594
1768413767,2,test,21,2.0,200,-62.15058135986328
1768413790,2,test,22,2.0,199,-62.15116882324219
1768413813,2,test,23,2.0,200,-62.20118713378906
1768413836,2,test,24,2.0,198,-62.26660919189453
1768413859,2,test,25,2.0,200,-62.30453872680664
1768413883,2,test,26,2.0,201,-62.215946197509766
1768413906,2,test,27,2.0,201,-62.28154373168945
1768413929,2,test,28,2.0,198,-62.31586456298828
1768413958,2,test,29,3.0,247,-62.06513214111328
1768413981,2,test,30,2.0,197,-62.364898681640625
1768414009,2,test,31,3.0,248,-62.37542724609375
1768414038,2,test,32,3.0,249,-62.00844192504883
1768414061,2,test,33,2.0,198,-62.22480392456055
1768414090,2,test,34,3.0,247,-62.145263671875
1768414113,2,test,35,2.0,203,-62.27433395385742
1768414137,2,test,36,2.0,201,-62.0219841003418
1768414160,2,test,37,2.0,199,-62.051231384277344
1768414189,2,test,38,3.0,250,-61.971805572509766
1768414218,2,test,39,3.0,253,-62.05955123901367
1768414242,2,test,40,2.0,201,-62.00105285644531
1768414271,2,test,41,3.0,249,-62.19526672363281
1768414295,2,test,42,2.0,208,-62.22275161743164
1768414318,2,test,43,2.0,199,-62.26473617553711
1768414347,2,test,44,3.0,251,-61.97747039794922
1768414370,2,test,45,2.0,197,-62.30765914916992
1768414393,2,test,46,2.0,198,-62.39006805419922
1768414422,2,test,47,3.0,253,-62.33568572998047
1768414445,2,test,48,2.0,199,-62.10993194580078
1768414469,2,test,49,2.0,200,-62.164642333984375
1768414497,2,test,50,3.0,246,-62.12092590332031
1768414520,2,test,51,2.0,198,-62.12748718261719
1768414544,2,test,52,2.0,202,-62.11977767944336
1768414573,2,test,53,3.0,249,-62.20414733886719
1768414597,2,test,54,2.0,207,-62.11640167236328
1768414620,2,test,55,2.0,199,-62.03266906738281
1768414649,2,test,56,3.0,246,-62.152313232421875
1768414672,2,test,57,2.0,200,-62.22901153564453
1768414696,2,test,58,2.0,201,-62.25264358520508
1768414724,2,test,59,3.0,249,-62.23332977294922
1768414747,2,test,60,2.0,197,-62.260902404785156
1768414771,2,test,61,2.0,200,-62.2681884765625
1768414799,2,test,62,3.0,247,-62.36827850341797
1768414822,2,test,63,2.0,199,-62.005916595458984
1768414851,2,test,64,3.0,247,-62.13215637207031
1768414874,2,test,65,2.0,200,-62.06832504272461
1768414898,2,test,66,2.0,198,-62.3807373046875
1768414921,2,test,67,2.0,204,-62.28754425048828
1768414950,2,test,68,3.0,246,-62.26325607299805
1768414979,2,test,69,3.0,250,-62.13203430175781
1768415002,2,test,70,2.0,200,-62.38898849487305
1768415031,2,test,71,3.0,246,-61.99883270263672
1768415055,2,test,72,2.0,205,-62.17359924316406
1768415078,2,test,73,2.0,201,-62.270721435546875
1768415101,2,test,74,2.0,199,-62.11713409423828
1768415125,2,test,75,2.0,210,-62.253623962402344
1768415154,2,test,76,3.0,249,-62.39349365234375
1768415177,2,test,77,2.0,197,-62.18689727783203
1768415200,2,test,78,2.0,200,-61.99190139770508
1768415224,2,test,79,2.0,199,-62.37562942504883
1768415246,2,test,80,2.0,197,-62.051483154296875
1768415275,2,test,81,3.0,249,-62.04978942871094
1768415305,2,test,82,3.0,251,-61.93419647216797
1768415336,2,test,83,3.0,272,-62.268768310546875
1768415365,2,test,84,3.0,246,-62.48651885986328
1768415388,2,test,85,2.0,200,-62.06819534301758
1768415412,2,test,86,2.0,209,-62.04530334472656
1768415436,2,test,87,2.0,199,-62.0377311706543
1768415465,2,test,88,3.0,253,-62.231082916259766
1768415488,2,test,89,2.0,201,-61.957523345947266
1768415517,2,test,90,3.0,247,-61.93914031982422
1768415546,2,test,91,3.0,250,-62.42864990234375
1768415569,2,test,92,2.0,201,-62.09562301635742
1768415599,2,test,93,3.0,253,-62.35517120361328
1768415628,2,test,94,3.0,250,-62.234195709228516
1768415657,2,test,95,3.0,248,-62.18172836303711
1768415680,2,test,96,2.0,204,-62.022621154785156
1768415704,2,test,97,2.0,205,-62.16859817504883
1768415733,2,test,98,3.0,246,-62.33098602294922
1768415756,2,test,99,2.0,198,-62.13056945800781
1768415756,2,test_cycle_avg,-1,2.33,217,-62.18601184844971
1768415794,3,train,0,3.0,248,-62.36275100708008
1768415813,3,train,1,0.0,126,-63.078392028808594
1768415834,3,train,2,0.0,131,-63.17170715332031
1768415872,3,train,3,3.0,252,-63.22167205810547
1768415911,3,train,4,3.0,251,-62.27525329589844
1768415942,3,train,5,2.0,200,-62.27729415893555
1768415973,3,train,6,2.0,201,-62.63962173461914
1768416004,3,train,7,2.0,200,-62.82847595214844
1768416025,3,train,8,0.0,135,-62.70619583129883
1768416048,3,train,9,0.0,147,-62.598731994628906
1768416086,3,train,10,3.0,248,-63.437625885009766
1768416119,3,train,11,2.0,209,-63.607303619384766
1768416150,3,train,12,2.0,203,-62.631649017333984
1768416188,3,train,13,3.0,248,-62.430973052978516
1768416219,3,train,14,2.0,201,-62.437904357910156
1768416250,3,train,15,2.0,199,-61.3038330078125
1768416288,3,train,16,3.0,247,-61.68505096435547
1768416319,3,train,17,2.0,197,-62.173946380615234
1768416357,3,train,18,3.0,247,-63.30814743041992
1768416389,3,train,19,2.0,206,-62.943241119384766
1768416427,3,train,20,3.0,247,-62.89560317993164
1768416467,3,train,21,3.0,259,-63.46814727783203
1768416498,3,train,22,2.0,199,-61.06660842895508
1768416536,3,train,23,3.0,245,-62.128868103027344
1768416574,3,train,24,3.0,248,-62.23419189453125
1768416605,3,train,25,2.0,204,-62.247581481933594
1768416646,3,train,26,3.0,261,-62.32767105102539
1768416677,3,train,27,2.0,205,-62.708763122558594
1768416716,3,train,28,3.0,251,-62.57414245605469
1768416755,3,train,29,3.0,253,-63.80794143676758
1768416783,3,train,30,0.0,182,-64.65185546875
1768416815,3,train,31,2.0,208,-63.739845275878906
1768416853,3,train,32,3.0,247,-62.43240737915039
1768416891,3,train,33,3.0,246,-62.456214904785156
1768416923,3,train,34,2.0,206,-62.721092224121094
1768416954,3,train,35,2.0,197,-62.370445251464844
1768416974,3,train,36,0.0,129,-62.18772888183594
1768417012,3,train,37,3.0,246,-62.244075775146484
1768417032,3,train,38,0.0,131,-62.15510940551758
1768417064,3,train,39,2.0,206,-61.743011474609375
1768417095,3,train,40,2.0,201,-61.06488800048828
1768417127,3,train,41,2.0,207,-62.168609619140625
1768417147,3,train,42,0.0,131,-63.74380111694336
1768417185,3,train,43,3.0,250,-61.757198333740234
1768417224,3,train,44,3.0,247,-62.65911865234375
1768417255,3,train,45,2.0,203,-62.503990173339844
1768417289,3,train,46,2.0,225,-62.67121124267578
1768417328,3,train,47,3.0,247,-62.67420959472656
1768417359,3,train,48,2.0,204,-62.68088912963867
1768417383,3,train,49,0.0,156,-63.22140884399414
1768417418,3,train,50,2.0,225,-63.88003921508789
1768417438,3,train,51,0.0,130,-64.60739135742188
1768417469,3,train,52,2.0,204,-64.40741729736328
1768417509,3,train,53,3.0,254,-63.140323638916016
1768417541,3,train,54,2.0,208,-63.79045104980469
1768417572,3,train,55,2.0,200,-61.743282318115234
1768417610,3,train,56,3.0,247,-61.461830139160156
1768417641,3,train,57,2.0,202,-62.84078598022461
1768417681,3,train,58,3.0,255,-62.66733169555664
1768417713,3,train,59,2.0,208,-62.71354675292969
1768417751,3,train,60,3.0,245,-62.55417251586914
1768417782,3,train,61,2.0,202,-62.22914505004883
1768417813,3,train,62,2.0,204,-62.012474060058594
1768417852,3,train,63,3.0,248,-63.80880355834961
1768417872,3,train,64,0.0,134,-63.761627197265625
1768417895,3,train,65,0.0,146,-64.22925567626953
1768417916,3,train,66,0.0,133,-63.94447326660156
1768417947,3,train,67,2.0,202,-63.14365005493164
1768417979,3,train,68,2.0,206,-63.0888671875
1768418011,3,train,69,2.0,207,-63.52180099487305
1768418041,3,train,70,2.0,199,-62.48212432861328
1768418080,3,train,71,3.0,246,-62.10811996459961
1768418110,3,train,72,2.0,199,-62.630409240722656
1768418148,3,train,73,3.0,246,-62.35371017456055
1768418179,3,train,74,2.0,201,-62.55562973022461
1768418211,3,train,75,2.0,204,-63.04613494873047
1768418246,3,train,76,2.0,226,-63.33107376098633
1768418277,3,train,77,2.0,202,-62.19472885131836
1768418308,3,train,78,2.0,200,-63.67760467529297
1768418339,3,train,79,2.0,202,-62.22321319580078
1768418371,3,train,80,2.0,209,-61.35620880126953
1768418403,3,train,81,2.0,202,-61.418296813964844
1768418442,3,train,82,3.0,255,-62.89263916015625
1768418481,3,train,83,3.0,250,-63.42071533203125
1768418502,3,train,84,0.0,135,-64.52779388427734
1768418533,3,train,85,2.0,205,-63.23294448852539
1768418564,3,train,86,2.0,197,-62.296390533447266
1768418595,3,train,87,2.0,202,-62.1240348815918
1768418633,3,train,88,3.0,248,-62.97911834716797
1768418666,3,train,89,2.0,214,-63.63077163696289
1768418692,3,train,90,0.0,165,-63.28310012817383
1768418734,3,train,91,3.0,269,-62.90340042114258
1768418765,3,train,92,2.0,205,-62.13267517089844
1768418789,3,train,93,1.0,156,-63.630680084228516
1768418823,3,train,94,2.0,221,-63.57679748535156
1768418862,3,train,95,3.0,250,-62.92304611206055
1768418894,3,train,96,2.0,206,-63.02744674682617
1768418927,3,train,97,2.0,213,-63.51468276977539
1768418961,3,train,98,2.0,224,-64.3460464477539
1768418983,3,train,99,0.0,141,-64.08750915527344
1768418983,3,train_cycle_avg,-1,1.99,209,-62.818801155090334
1768419007,3,test,0,2.0,206,-62.008628845214844
1768419031,3,test,1,2.0,202,-61.805171966552734
1768419060,3,test,2,3.0,252,-61.95737075805664
1768419084,3,test,3,2.0,206,-61.54845428466797
1768419113,3,test,4,3.0,251,-62.07697296142578
1768419136,3,test,5,2.0,200,-61.980411529541016
1768419166,3,test,6,3.0,251,-62.04183578491211
1768419189,3,test,7,2.0,200,-62.11408233642578
1768419212,3,test,8,2.0,201,-62.20595932006836
1768419241,3,test,9,3.0,246,-61.88378143310547
1768419270,3,test,10,3.0,248,-62.24937438964844
1768419294,3,test,11,2.0,208,-61.9376335144043
1768419323,3,test,12,3.0,248,-62.06659698486328
1768419346,3,test,13,2.0,200,-62.0335578918457
1768419370,3,test,14,2.0,204,-62.01081466674805
1768419399,3,test,15,3.0,248,-61.92652893066406
1768419423,3,test,16,2.0,208,-61.860816955566406
1768419452,3,test,17,3.0,249,-62.17612075805664
1768419475,3,test,18,2.0,201,-61.97203826904297
1768419499,3,test,19,2.0,200,-62.02683639526367
1768419527,3,test,20,3.0,247,-61.94941711425781
1768419551,3,test,21,2.0,203,-62.08084487915039
1768419581,3,test,22,3.0,256,-61.93300247192383
1768419604,3,test,23,2.0,203,-61.900306701660156
1768419629,3,test,24,2.0,210,-62.276084899902344
1768419644,3,test,25,0.0,130,-61.88761520385742
1768419659,3,test,26,0.0,127,-61.812217712402344
1768419688,3,test,27,3.0,249,-62.273414611816406
1768419712,3,test,28,2.0,201,-61.770660400390625
1768419741,3,test,29,3.0,252,-61.86870193481445
1768419764,3,test,30,2.0,203,-62.027652740478516
1768419787,3,test,31,2.0,197,-62.01309585571289
1768419817,3,test,32,3.0,252,-61.788883209228516
1768419840,3,test,33,2.0,202,-62.09568786621094
1768419855,3,test,34,0.0,127,-61.750972747802734
1768419884,3,test,35,3.0,253,-61.8558235168457
1768419908,3,test,36,2.0,202,-62.19215393066406
1768419932,3,test,37,2.0,205,-62.23258590698242
1768419955,3,test,38,2.0,199,-62.11166000366211
1768419984,3,test,39,3.0,249,-61.91117858886719
1768420007,3,test,40,2.0,201,-61.9380989074707
1768420031,3,test,41,2.0,203,-62.069950103759766
1768420054,3,test,42,2.0,205,-61.855770111083984
1768420078,3,test,43,2.0,206,-61.90493392944336
1768420102,3,test,44,2.0,200,-62.17317581176758
1768420131,3,test,45,3.0,250,-61.99235534667969
1768420160,3,test,46,3.0,249,-61.7847785949707
1768420183,3,test,47,2.0,203,-62.03858184814453
1768420206,3,test,48,2.0,199,-61.965755462646484
1768420235,3,test,49,3.0,248,-62.20996856689453
1768420250,3,test,50,0.0,129,-62.10382843017578
1768420273,3,test,51,2.0,197,-61.772438049316406
1768420297,3,test,52,2.0,204,-62.06221389770508
1768420320,3,test,53,2.0,203,-62.1500358581543
1768420344,3,test,54,2.0,199,-61.956634521484375
1768420372,3,test,55,3.0,245,-61.876468658447266
1768420395,3,test,56,2.0,199,-61.8995475769043
1768420419,3,test,57,2.0,206,-62.004703521728516
1768420442,3,test,58,2.0,200,-62.13991165161133
1768420466,3,test,59,2.0,200,-62.048362731933594
1768420489,3,test,60,2.0,203,-62.14568328857422
1768420505,3,test,61,0.0,139,-61.9032096862793
1768420534,3,test,62,3.0,245,-62.21644973754883
1768420557,3,test,63,2.0,202,-61.98784637451172
1768420592,3,test,64,4.0,297,-61.990943908691406
1768420615,3,test,65,2.0,203,-61.85615158081055
1768420638,3,test,66,2.0,199,-62.04426956176758
1768420662,3,test,67,2.0,199,-61.71908187866211
1768420685,3,test,68,2.0,201,-61.78770065307617
1768420700,3,test,69,0.0,129,-61.96459197998047
1768420724,3,test,70,2.0,204,-61.93987274169922
1768420747,3,test,71,2.0,202,-62.098594665527344
1768420776,3,test,72,3.0,246,-62.094581604003906
1768420799,3,test,73,2.0,203,-61.94559860229492
1768420822,3,test,74,2.0,198,-61.76828384399414
1768420852,3,test,75,3.0,254,-61.94952392578125
1768420875,3,test,76,2.0,199,-61.60453414916992
1768420899,3,test,77,2.0,206,-61.844364166259766
1768420922,3,test,78,2.0,201,-62.00398635864258
